,full_test_accs,full_test_aucs,full_test_fns,full_test_fps,full_test_null_accs,full_test_tns,full_test_tps,full_train_accs,full_train_aucs,full_train_fns,full_train_fps,full_train_null_accs,full_train_tns,full_train_tps
iter1_cv_split1,0.972972972972973,0.972972972972973,2,0,0.5,37,35,1.0,1.0,0,0,0.5,147,147
iter1_cv_split2,0.972972972972973,0.972972972972973,2,0,0.5,37,35,1.0,1.0,0,0,0.5,147,147
iter1_cv_split3,0.972972972972973,0.972972972972973,2,0,0.5,37,35,1.0,1.0,0,0,0.5,147,147
iter1_cv_split4,0.972972972972973,0.972972972972973,2,0,0.5,37,35,1.0,1.0,0,0,0.5,147,147
iter1_cv_split5,1.0,1.0,0,0,0.5,36,36,1.0,1.0,0,0,0.5,148,148
iter2_cv_split1,0.9864864864864865,0.9864864864864865,1,0,0.5,37,36,1.0,1.0,0,0,0.5,147,147
iter2_cv_split2,1.0,1.0,0,0,0.5,37,37,1.0,1.0,0,0,0.5,147,147
iter2_cv_split3,1.0,1.0,0,0,0.5,37,37,1.0,1.0,0,0,0.5,147,147
iter2_cv_split4,0.9594594594594594,0.9594594594594594,3,0,0.5,37,34,1.0,1.0,0,0,0.5,147,147
iter2_cv_split5,0.9861111111111112,0.9861111111111112,1,0,0.5,36,35,1.0,1.0,0,0,0.5,148,148
iter3_cv_split1,0.9594594594594594,0.9594594594594594,3,0,0.5,37,34,1.0,1.0,0,0,0.5,147,147
iter3_cv_split2,1.0,1.0,0,0,0.5,37,37,1.0,1.0,0,0,0.5,147,147
iter3_cv_split3,0.9864864864864865,0.9864864864864865,1,0,0.5,37,36,1.0,1.0,0,0,0.5,147,147
iter3_cv_split4,0.9864864864864865,0.9864864864864865,1,0,0.5,37,36,1.0,1.0,0,0,0.5,147,147
iter3_cv_split5,0.9444444444444444,0.9444444444444444,2,2,0.5,34,34,1.0,1.0,0,0,0.5,148,148
iter4_cv_split1,0.9864864864864865,0.9864864864864865,1,0,0.5,37,36,1.0,1.0,0,0,0.5,147,147
iter4_cv_split2,0.972972972972973,0.972972972972973,2,0,0.5,37,35,1.0,1.0,0,0,0.5,147,147
iter4_cv_split3,0.9324324324324325,0.9324324324324325,5,0,0.5,37,32,1.0,1.0,0,0,0.5,147,147
iter4_cv_split4,1.0,1.0,0,0,0.5,37,37,1.0,1.0,0,0,0.5,147,147
iter4_cv_split5,0.9861111111111112,0.9861111111111112,1,0,0.5,36,35,1.0,1.0,0,0,0.5,148,148
iter5_cv_split1,0.9594594594594594,0.9594594594594594,1,2,0.5,35,36,1.0,1.0,0,0,0.5,147,147
iter5_cv_split2,0.9459459459459459,0.9459459459459459,4,0,0.5,37,33,1.0,1.0,0,0,0.5,147,147
iter5_cv_split3,0.9594594594594594,0.9594594594594594,3,0,0.5,37,34,1.0,1.0,0,0,0.5,147,147
iter5_cv_split4,0.9864864864864865,0.9864864864864865,1,0,0.5,37,36,1.0,1.0,0,0,0.5,147,147
iter5_cv_split5,1.0,1.0,0,0,0.5,36,36,1.0,1.0,0,0,0.5,148,148
iter6_cv_split1,0.9864864864864865,0.9864864864864865,1,0,0.5,37,36,1.0,1.0,0,0,0.5,147,147
iter6_cv_split2,1.0,1.0,0,0,0.5,37,37,1.0,1.0,0,0,0.5,147,147
iter6_cv_split3,1.0,1.0,0,0,0.5,37,37,1.0,1.0,0,0,0.5,147,147
iter6_cv_split4,0.972972972972973,0.972972972972973,2,0,0.5,37,35,1.0,1.0,0,0,0.5,147,147
iter6_cv_split5,0.9861111111111112,0.9861111111111112,1,0,0.5,36,35,1.0,1.0,0,0,0.5,148,148
iter7_cv_split1,0.972972972972973,0.972972972972973,2,0,0.5,37,35,1.0,1.0,0,0,0.5,147,147
iter7_cv_split2,1.0,1.0,0,0,0.5,37,37,1.0,1.0,0,0,0.5,147,147
iter7_cv_split3,0.9594594594594594,0.9594594594594594,3,0,0.5,37,34,1.0,1.0,0,0,0.5,147,147
iter7_cv_split4,0.972972972972973,0.972972972972973,2,0,0.5,37,35,1.0,1.0,0,0,0.5,147,147
iter7_cv_split5,1.0,1.0,0,0,0.5,36,36,1.0,1.0,0,0,0.5,148,148
iter8_cv_split1,0.9324324324324325,0.9324324324324325,5,0,0.5,37,32,1.0,1.0,0,0,0.5,147,147
iter8_cv_split2,0.9864864864864865,0.9864864864864865,1,0,0.5,37,36,1.0,1.0,0,0,0.5,147,147
iter8_cv_split3,1.0,1.0,0,0,0.5,37,37,1.0,1.0,0,0,0.5,147,147
iter8_cv_split4,0.9864864864864865,0.9864864864864865,1,0,0.5,37,36,1.0,1.0,0,0,0.5,147,147
iter8_cv_split5,0.9583333333333334,0.9583333333333333,3,0,0.5,36,33,1.0,1.0,0,0,0.5,148,148
iter9_cv_split1,1.0,1.0,0,0,0.5,37,37,1.0,1.0,0,0,0.5,147,147
iter9_cv_split2,0.9864864864864865,0.9864864864864865,1,0,0.5,37,36,1.0,1.0,0,0,0.5,147,147
iter9_cv_split3,0.9594594594594594,0.9594594594594594,3,0,0.5,37,34,1.0,1.0,0,0,0.5,147,147
iter9_cv_split4,0.9864864864864865,0.9864864864864865,1,0,0.5,37,36,1.0,1.0,0,0,0.5,147,147
iter9_cv_split5,0.9861111111111112,0.9861111111111112,1,0,0.5,36,35,1.0,1.0,0,0,0.5,148,148
iter10_cv_split1,0.9459459459459459,0.9459459459459459,2,2,0.5,35,35,1.0,1.0,0,0,0.5,147,147
iter10_cv_split2,1.0,1.0,0,0,0.5,37,37,1.0,1.0,0,0,0.5,147,147
iter10_cv_split3,0.972972972972973,0.972972972972973,2,0,0.5,37,35,1.0,1.0,0,0,0.5,147,147
iter10_cv_split4,0.9864864864864865,0.9864864864864865,1,0,0.5,37,36,1.0,1.0,0,0,0.5,147,147
iter10_cv_split5,0.9444444444444444,0.9444444444444445,1,3,0.5,33,35,1.0,1.0,0,0,0.5,148,148
iter11_cv_split1,0.9594594594594594,0.9594594594594594,1,2,0.5,35,36,1.0,1.0,0,0,0.5,147,147
iter11_cv_split2,1.0,1.0,0,0,0.5,37,37,1.0,1.0,0,0,0.5,147,147
iter11_cv_split3,1.0,1.0,0,0,0.5,37,37,1.0,1.0,0,0,0.5,147,147
iter11_cv_split4,0.9459459459459459,0.9459459459459459,4,0,0.5,37,33,1.0,1.0,0,0,0.5,147,147
iter11_cv_split5,0.9583333333333334,0.9583333333333333,3,0,0.5,36,33,1.0,1.0,0,0,0.5,148,148
iter12_cv_split1,0.9864864864864865,0.9864864864864865,1,0,0.5,37,36,1.0,1.0,0,0,0.5,147,147
iter12_cv_split2,0.9594594594594594,0.9594594594594594,1,2,0.5,35,36,1.0,1.0,0,0,0.5,147,147
iter12_cv_split3,0.9324324324324325,0.9324324324324325,1,4,0.5,33,36,1.0,1.0,0,0,0.5,147,147
iter12_cv_split4,0.9864864864864865,0.9864864864864865,1,0,0.5,37,36,1.0,1.0,0,0,0.5,147,147
iter12_cv_split5,0.9861111111111112,0.9861111111111112,1,0,0.5,36,35,1.0,1.0,0,0,0.5,148,148
iter13_cv_split1,0.9594594594594594,0.9594594594594594,1,2,0.5,35,36,1.0,1.0,0,0,0.5,147,147
iter13_cv_split2,0.9864864864864865,0.9864864864864865,1,0,0.5,37,36,1.0,1.0,0,0,0.5,147,147
iter13_cv_split3,0.9864864864864865,0.9864864864864865,1,0,0.5,37,36,1.0,1.0,0,0,0.5,147,147
iter13_cv_split4,1.0,1.0,0,0,0.5,37,37,1.0,1.0,0,0,0.5,147,147
iter13_cv_split5,0.9583333333333334,0.9583333333333333,3,0,0.5,36,33,1.0,1.0,0,0,0.5,148,148
iter14_cv_split1,1.0,1.0,0,0,0.5,37,37,1.0,1.0,0,0,0.5,147,147
iter14_cv_split2,0.9324324324324325,0.9324324324324325,3,2,0.5,35,34,1.0,1.0,0,0,0.5,147,147
iter14_cv_split3,0.9864864864864865,0.9864864864864865,1,0,0.5,37,36,1.0,1.0,0,0,0.5,147,147
iter14_cv_split4,0.9864864864864865,0.9864864864864865,1,0,0.5,37,36,1.0,1.0,0,0,0.5,147,147
iter14_cv_split5,0.9861111111111112,0.9861111111111112,1,0,0.5,36,35,1.0,1.0,0,0,0.5,148,148
iter15_cv_split1,0.9594594594594594,0.9594594594594594,3,0,0.5,37,34,1.0,1.0,0,0,0.5,147,147
iter15_cv_split2,0.9864864864864865,0.9864864864864865,1,0,0.5,37,36,1.0,1.0,0,0,0.5,147,147
iter15_cv_split3,0.9864864864864865,0.9864864864864865,1,0,0.5,37,36,1.0,1.0,0,0,0.5,147,147
iter15_cv_split4,0.9054054054054054,0.9054054054054054,5,2,0.5,35,32,1.0,1.0,0,0,0.5,147,147
iter15_cv_split5,0.9861111111111112,0.9861111111111112,1,0,0.5,36,35,1.0,1.0,0,0,0.5,148,148
iter16_cv_split1,1.0,1.0,0,0,0.5,37,37,1.0,1.0,0,0,0.5,147,147
iter16_cv_split2,0.9864864864864865,0.9864864864864865,1,0,0.5,37,36,1.0,1.0,0,0,0.5,147,147
iter16_cv_split3,0.972972972972973,0.972972972972973,2,0,0.5,37,35,1.0,1.0,0,0,0.5,147,147
iter16_cv_split4,0.9459459459459459,0.9459459459459459,4,0,0.5,37,33,1.0,1.0,0,0,0.5,147,147
iter16_cv_split5,1.0,1.0,0,0,0.5,36,36,1.0,1.0,0,0,0.5,148,148
iter17_cv_split1,0.8648648648648649,0.8648648648648649,2,8,0.5,29,35,1.0,1.0,0,0,0.5,147,147
iter17_cv_split2,0.9864864864864865,0.9864864864864865,1,0,0.5,37,36,1.0,1.0,0,0,0.5,147,147
iter17_cv_split3,1.0,1.0,0,0,0.5,37,37,1.0,1.0,0,0,0.5,147,147
iter17_cv_split4,0.9864864864864865,0.9864864864864865,1,0,0.5,37,36,1.0,1.0,0,0,0.5,147,147
iter17_cv_split5,0.9444444444444444,0.9444444444444444,4,0,0.5,36,32,1.0,1.0,0,0,0.5,148,148
iter18_cv_split1,0.918918918918919,0.9189189189189189,6,0,0.5,37,31,1.0,1.0,0,0,0.5,147,147
iter18_cv_split2,0.9594594594594594,0.9594594594594594,0,3,0.5,34,37,1.0,1.0,0,0,0.5,147,147
iter18_cv_split3,0.9864864864864865,0.9864864864864865,1,0,0.5,37,36,1.0,1.0,0,0,0.5,147,147
iter18_cv_split4,0.972972972972973,0.972972972972973,2,0,0.5,37,35,1.0,1.0,0,0,0.5,147,147
iter18_cv_split5,0.9861111111111112,0.9861111111111112,1,0,0.5,36,35,1.0,1.0,0,0,0.5,148,148
iter19_cv_split1,1.0,1.0,0,0,0.5,37,37,1.0,1.0,0,0,0.5,147,147
iter19_cv_split2,0.9864864864864865,0.9864864864864865,1,0,0.5,37,36,1.0,1.0,0,0,0.5,147,147
iter19_cv_split3,0.972972972972973,0.972972972972973,2,0,0.5,37,35,1.0,1.0,0,0,0.5,147,147
iter19_cv_split4,0.9864864864864865,0.9864864864864865,1,0,0.5,37,36,1.0,1.0,0,0,0.5,147,147
iter19_cv_split5,1.0,1.0,0,0,0.5,36,36,1.0,1.0,0,0,0.5,148,148
iter20_cv_split1,0.9594594594594594,0.9594594594594594,1,2,0.5,35,36,1.0,1.0,0,0,0.5,147,147
iter20_cv_split2,0.972972972972973,0.972972972972973,2,0,0.5,37,35,1.0,1.0,0,0,0.5,147,147
iter20_cv_split3,0.9864864864864865,0.9864864864864865,1,0,0.5,37,36,1.0,1.0,0,0,0.5,147,147
iter20_cv_split4,0.9864864864864865,0.9864864864864865,1,0,0.5,37,36,1.0,1.0,0,0,0.5,147,147
iter20_cv_split5,1.0,1.0,0,0,0.5,36,36,1.0,1.0,0,0,0.5,148,148
iter21_cv_split1,0.9864864864864865,0.9864864864864865,1,0,0.5,37,36,1.0,1.0,0,0,0.5,147,147
iter21_cv_split2,0.9864864864864865,0.9864864864864865,1,0,0.5,37,36,1.0,1.0,0,0,0.5,147,147
iter21_cv_split3,0.9594594594594594,0.9594594594594594,3,0,0.5,37,34,1.0,1.0,0,0,0.5,147,147
iter21_cv_split4,0.9864864864864865,0.9864864864864865,1,0,0.5,37,36,1.0,1.0,0,0,0.5,147,147
iter21_cv_split5,1.0,1.0,0,0,0.5,36,36,1.0,1.0,0,0,0.5,148,148
iter22_cv_split1,0.9864864864864865,0.9864864864864865,1,0,0.5,37,36,1.0,1.0,0,0,0.5,147,147
iter22_cv_split2,0.9864864864864865,0.9864864864864865,1,0,0.5,37,36,1.0,1.0,0,0,0.5,147,147
iter22_cv_split3,0.9864864864864865,0.9864864864864865,1,0,0.5,37,36,1.0,1.0,0,0,0.5,147,147
iter22_cv_split4,0.972972972972973,0.972972972972973,2,0,0.5,37,35,1.0,1.0,0,0,0.5,147,147
iter22_cv_split5,0.9166666666666666,0.9166666666666665,3,3,0.5,33,33,1.0,1.0,0,0,0.5,148,148
iter23_cv_split1,0.9864864864864865,0.9864864864864865,1,0,0.5,37,36,1.0,1.0,0,0,0.5,147,147
iter23_cv_split2,1.0,1.0,0,0,0.5,37,37,1.0,1.0,0,0,0.5,147,147
iter23_cv_split3,1.0,1.0,0,0,0.5,37,37,1.0,1.0,0,0,0.5,147,147
iter23_cv_split4,1.0,1.0,0,0,0.5,37,37,1.0,1.0,0,0,0.5,147,147
iter23_cv_split5,0.9583333333333334,0.9583333333333333,3,0,0.5,36,33,1.0,1.0,0,0,0.5,148,148
iter24_cv_split1,0.9594594594594594,0.9594594594594594,3,0,0.5,37,34,1.0,1.0,0,0,0.5,147,147
iter24_cv_split2,0.9864864864864865,0.9864864864864865,1,0,0.5,37,36,1.0,1.0,0,0,0.5,147,147
iter24_cv_split3,0.9594594594594594,0.9594594594594594,3,0,0.5,37,34,1.0,1.0,0,0,0.5,147,147
iter24_cv_split4,1.0,1.0,0,0,0.5,37,37,1.0,1.0,0,0,0.5,147,147
iter24_cv_split5,0.9861111111111112,0.9861111111111112,1,0,0.5,36,35,1.0,1.0,0,0,0.5,148,148
iter25_cv_split1,0.9594594594594594,0.9594594594594594,1,2,0.5,35,36,1.0,1.0,0,0,0.5,147,147
iter25_cv_split2,0.9864864864864865,0.9864864864864865,1,0,0.5,37,36,1.0,1.0,0,0,0.5,147,147
iter25_cv_split3,0.972972972972973,0.972972972972973,2,0,0.5,37,35,1.0,1.0,0,0,0.5,147,147
iter25_cv_split4,0.9594594594594594,0.9594594594594594,3,0,0.5,37,34,1.0,1.0,0,0,0.5,147,147
iter25_cv_split5,1.0,1.0,0,0,0.5,36,36,1.0,1.0,0,0,0.5,148,148
iter26_cv_split1,0.9864864864864865,0.9864864864864865,1,0,0.5,37,36,1.0,1.0,0,0,0.5,147,147
iter26_cv_split2,0.9864864864864865,0.9864864864864865,1,0,0.5,37,36,1.0,1.0,0,0,0.5,147,147
iter26_cv_split3,0.9864864864864865,0.9864864864864865,1,0,0.5,37,36,1.0,1.0,0,0,0.5,147,147
iter26_cv_split4,0.972972972972973,0.972972972972973,2,0,0.5,37,35,1.0,1.0,0,0,0.5,147,147
iter26_cv_split5,0.9722222222222222,0.9722222222222222,2,0,0.5,36,34,1.0,1.0,0,0,0.5,148,148
iter27_cv_split1,1.0,1.0,0,0,0.5,37,37,1.0,1.0,0,0,0.5,147,147
iter27_cv_split2,0.9594594594594594,0.9594594594594594,3,0,0.5,37,34,1.0,1.0,0,0,0.5,147,147
iter27_cv_split3,0.9864864864864865,0.9864864864864865,1,0,0.5,37,36,1.0,1.0,0,0,0.5,147,147
iter27_cv_split4,0.9864864864864865,0.9864864864864865,1,0,0.5,37,36,1.0,1.0,0,0,0.5,147,147
iter27_cv_split5,0.9583333333333334,0.9583333333333333,1,2,0.5,34,35,1.0,1.0,0,0,0.5,148,148
iter28_cv_split1,0.972972972972973,0.972972972972973,2,0,0.5,37,35,1.0,1.0,0,0,0.5,147,147
iter28_cv_split2,0.9864864864864865,0.9864864864864865,1,0,0.5,37,36,1.0,1.0,0,0,0.5,147,147
iter28_cv_split3,0.9864864864864865,0.9864864864864865,1,0,0.5,37,36,1.0,1.0,0,0,0.5,147,147
iter28_cv_split4,1.0,1.0,0,0,0.5,37,37,1.0,1.0,0,0,0.5,147,147
iter28_cv_split5,0.9861111111111112,0.9861111111111112,1,0,0.5,36,35,1.0,1.0,0,0,0.5,148,148
iter29_cv_split1,0.9864864864864865,0.9864864864864865,1,0,0.5,37,36,1.0,1.0,0,0,0.5,147,147
iter29_cv_split2,0.9864864864864865,0.9864864864864865,1,0,0.5,37,36,1.0,1.0,0,0,0.5,147,147
iter29_cv_split3,0.972972972972973,0.972972972972973,2,0,0.5,37,35,1.0,1.0,0,0,0.5,147,147
iter29_cv_split4,0.9864864864864865,0.9864864864864865,1,0,0.5,37,36,1.0,1.0,0,0,0.5,147,147
iter29_cv_split5,0.9861111111111112,0.9861111111111112,1,0,0.5,36,35,1.0,1.0,0,0,0.5,148,148
iter30_cv_split1,0.9864864864864865,0.9864864864864865,1,0,0.5,37,36,1.0,1.0,0,0,0.5,147,147
iter30_cv_split2,0.9864864864864865,0.9864864864864865,1,0,0.5,37,36,1.0,1.0,0,0,0.5,147,147
iter30_cv_split3,0.9864864864864865,0.9864864864864865,1,0,0.5,37,36,1.0,1.0,0,0,0.5,147,147
iter30_cv_split4,0.972972972972973,0.972972972972973,2,0,0.5,37,35,1.0,1.0,0,0,0.5,147,147
iter30_cv_split5,0.9861111111111112,0.9861111111111112,1,0,0.5,36,35,1.0,1.0,0,0,0.5,148,148
iter31_cv_split1,0.9594594594594594,0.9594594594594594,3,0,0.5,37,34,1.0,1.0,0,0,0.5,147,147
iter31_cv_split2,0.9459459459459459,0.9459459459459459,4,0,0.5,37,33,1.0,1.0,0,0,0.5,147,147
iter31_cv_split3,0.9864864864864865,0.9864864864864865,1,0,0.5,37,36,1.0,1.0,0,0,0.5,147,147
iter31_cv_split4,0.9864864864864865,0.9864864864864865,1,0,0.5,37,36,1.0,1.0,0,0,0.5,147,147
iter31_cv_split5,1.0,1.0,0,0,0.5,36,36,1.0,1.0,0,0,0.5,148,148
iter32_cv_split1,0.972972972972973,0.972972972972973,2,0,0.5,37,35,1.0,1.0,0,0,0.5,147,147
iter32_cv_split2,1.0,1.0,0,0,0.5,37,37,1.0,1.0,0,0,0.5,147,147
iter32_cv_split3,0.9594594594594594,0.9594594594594594,3,0,0.5,37,34,1.0,1.0,0,0,0.5,147,147
iter32_cv_split4,0.9864864864864865,0.9864864864864865,1,0,0.5,37,36,1.0,1.0,0,0,0.5,147,147
iter32_cv_split5,1.0,1.0,0,0,0.5,36,36,1.0,1.0,0,0,0.5,148,148
iter33_cv_split1,0.9594594594594594,0.9594594594594594,3,0,0.5,37,34,1.0,1.0,0,0,0.5,147,147
iter33_cv_split2,0.9864864864864865,0.9864864864864865,1,0,0.5,37,36,1.0,1.0,0,0,0.5,147,147
iter33_cv_split3,1.0,1.0,0,0,0.5,37,37,1.0,1.0,0,0,0.5,147,147
iter33_cv_split4,0.9054054054054054,0.9054054054054055,2,5,0.5,32,35,1.0,1.0,0,0,0.5,147,147
iter33_cv_split5,1.0,1.0,0,0,0.5,36,36,1.0,1.0,0,0,0.5,148,148
iter34_cv_split1,0.9459459459459459,0.9459459459459459,4,0,0.5,37,33,1.0,1.0,0,0,0.5,147,147
iter34_cv_split2,0.9864864864864865,0.9864864864864865,1,0,0.5,37,36,1.0,1.0,0,0,0.5,147,147
iter34_cv_split3,0.9594594594594594,0.9594594594594594,3,0,0.5,37,34,1.0,1.0,0,0,0.5,147,147
iter34_cv_split4,0.9864864864864865,0.9864864864864865,1,0,0.5,37,36,1.0,1.0,0,0,0.5,147,147
iter34_cv_split5,0.9861111111111112,0.9861111111111112,1,0,0.5,36,35,1.0,1.0,0,0,0.5,148,148
iter35_cv_split1,1.0,1.0,0,0,0.5,37,37,1.0,1.0,0,0,0.5,147,147
iter35_cv_split2,0.9594594594594594,0.9594594594594594,3,0,0.5,37,34,1.0,1.0,0,0,0.5,147,147
iter35_cv_split3,0.9864864864864865,0.9864864864864865,1,0,0.5,37,36,1.0,1.0,0,0,0.5,147,147
iter35_cv_split4,0.918918918918919,0.9189189189189189,3,3,0.5,34,34,1.0,1.0,0,0,0.5,147,147
iter35_cv_split5,0.9861111111111112,0.9861111111111112,1,0,0.5,36,35,1.0,1.0,0,0,0.5,148,148
iter36_cv_split1,1.0,1.0,0,0,0.5,37,37,1.0,1.0,0,0,0.5,147,147
iter36_cv_split2,1.0,1.0,0,0,0.5,37,37,1.0,1.0,0,0,0.5,147,147
iter36_cv_split3,0.972972972972973,0.972972972972973,2,0,0.5,37,35,1.0,1.0,0,0,0.5,147,147
iter36_cv_split4,0.9864864864864865,0.9864864864864865,1,0,0.5,37,36,1.0,1.0,0,0,0.5,147,147
iter36_cv_split5,0.9861111111111112,0.9861111111111112,1,0,0.5,36,35,1.0,1.0,0,0,0.5,148,148
iter37_cv_split1,1.0,1.0,0,0,0.5,37,37,1.0,1.0,0,0,0.5,147,147
iter37_cv_split2,0.9864864864864865,0.9864864864864865,1,0,0.5,37,36,1.0,1.0,0,0,0.5,147,147
iter37_cv_split3,0.972972972972973,0.972972972972973,2,0,0.5,37,35,1.0,1.0,0,0,0.5,147,147
iter37_cv_split4,0.972972972972973,0.972972972972973,2,0,0.5,37,35,1.0,1.0,0,0,0.5,147,147
iter37_cv_split5,0.9722222222222222,0.9722222222222222,2,0,0.5,36,34,1.0,1.0,0,0,0.5,148,148
iter38_cv_split1,0.9864864864864865,0.9864864864864865,1,0,0.5,37,36,1.0,1.0,0,0,0.5,147,147
iter38_cv_split2,1.0,1.0,0,0,0.5,37,37,1.0,1.0,0,0,0.5,147,147
iter38_cv_split3,0.972972972972973,0.972972972972973,2,0,0.5,37,35,1.0,1.0,0,0,0.5,147,147
iter38_cv_split4,0.9864864864864865,0.9864864864864865,1,0,0.5,37,36,1.0,1.0,0,0,0.5,147,147
iter38_cv_split5,0.9722222222222222,0.9722222222222222,2,0,0.5,36,34,1.0,1.0,0,0,0.5,148,148
iter39_cv_split1,0.9864864864864865,0.9864864864864865,1,0,0.5,37,36,1.0,1.0,0,0,0.5,147,147
iter39_cv_split2,0.972972972972973,0.972972972972973,2,0,0.5,37,35,1.0,1.0,0,0,0.5,147,147
iter39_cv_split3,0.9864864864864865,0.9864864864864865,1,0,0.5,37,36,1.0,1.0,0,0,0.5,147,147
iter39_cv_split4,1.0,1.0,0,0,0.5,37,37,1.0,1.0,0,0,0.5,147,147
iter39_cv_split5,1.0,1.0,0,0,0.5,36,36,1.0,1.0,0,0,0.5,148,148
iter40_cv_split1,0.9864864864864865,0.9864864864864865,1,0,0.5,37,36,1.0,1.0,0,0,0.5,147,147
iter40_cv_split2,0.9594594594594594,0.9594594594594594,3,0,0.5,37,34,1.0,1.0,0,0,0.5,147,147
iter40_cv_split3,1.0,1.0,0,0,0.5,37,37,1.0,1.0,0,0,0.5,147,147
iter40_cv_split4,0.9864864864864865,0.9864864864864865,1,0,0.5,37,36,1.0,1.0,0,0,0.5,147,147
iter40_cv_split5,0.9722222222222222,0.9722222222222222,2,0,0.5,36,34,1.0,1.0,0,0,0.5,148,148
iter41_cv_split1,0.9864864864864865,0.9864864864864865,1,0,0.5,37,36,1.0,1.0,0,0,0.5,147,147
iter41_cv_split2,0.9864864864864865,0.9864864864864865,1,0,0.5,37,36,1.0,1.0,0,0,0.5,147,147
iter41_cv_split3,0.9864864864864865,0.9864864864864865,1,0,0.5,37,36,1.0,1.0,0,0,0.5,147,147
iter41_cv_split4,0.9864864864864865,0.9864864864864865,1,0,0.5,37,36,1.0,1.0,0,0,0.5,147,147
iter41_cv_split5,0.9722222222222222,0.9722222222222222,2,0,0.5,36,34,1.0,1.0,0,0,0.5,148,148
iter42_cv_split1,0.9864864864864865,0.9864864864864865,1,0,0.5,37,36,1.0,1.0,0,0,0.5,147,147
iter42_cv_split2,0.9864864864864865,0.9864864864864865,1,0,0.5,37,36,1.0,1.0,0,0,0.5,147,147
iter42_cv_split3,0.9864864864864865,0.9864864864864865,1,0,0.5,37,36,1.0,1.0,0,0,0.5,147,147
iter42_cv_split4,0.9864864864864865,0.9864864864864865,1,0,0.5,37,36,1.0,1.0,0,0,0.5,147,147
iter42_cv_split5,0.9861111111111112,0.9861111111111112,1,0,0.5,36,35,1.0,1.0,0,0,0.5,148,148
iter43_cv_split1,0.9864864864864865,0.9864864864864865,1,0,0.5,37,36,1.0,1.0,0,0,0.5,147,147
iter43_cv_split2,0.9594594594594594,0.9594594594594594,3,0,0.5,37,34,1.0,1.0,0,0,0.5,147,147
iter43_cv_split3,1.0,1.0,0,0,0.5,37,37,1.0,1.0,0,0,0.5,147,147
iter43_cv_split4,0.9594594594594594,0.9594594594594594,3,0,0.5,37,34,1.0,1.0,0,0,0.5,147,147
iter43_cv_split5,0.9861111111111112,0.9861111111111112,1,0,0.5,36,35,1.0,1.0,0,0,0.5,148,148
iter44_cv_split1,0.9864864864864865,0.9864864864864865,1,0,0.5,37,36,1.0,1.0,0,0,0.5,147,147
iter44_cv_split2,0.9864864864864865,0.9864864864864865,1,0,0.5,37,36,1.0,1.0,0,0,0.5,147,147
iter44_cv_split3,0.9864864864864865,0.9864864864864865,1,0,0.5,37,36,1.0,1.0,0,0,0.5,147,147
iter44_cv_split4,0.9459459459459459,0.9459459459459459,4,0,0.5,37,33,1.0,1.0,0,0,0.5,147,147
iter44_cv_split5,0.9583333333333334,0.9583333333333333,1,2,0.5,34,35,1.0,1.0,0,0,0.5,148,148
iter45_cv_split1,0.972972972972973,0.972972972972973,2,0,0.5,37,35,1.0,1.0,0,0,0.5,147,147
iter45_cv_split2,1.0,1.0,0,0,0.5,37,37,1.0,1.0,0,0,0.5,147,147
iter45_cv_split3,0.9864864864864865,0.9864864864864865,1,0,0.5,37,36,1.0,1.0,0,0,0.5,147,147
iter45_cv_split4,0.972972972972973,0.972972972972973,2,0,0.5,37,35,1.0,1.0,0,0,0.5,147,147
iter45_cv_split5,0.9861111111111112,0.9861111111111112,1,0,0.5,36,35,1.0,1.0,0,0,0.5,148,148
iter46_cv_split1,1.0,1.0,0,0,0.5,37,37,1.0,1.0,0,0,0.5,147,147
iter46_cv_split2,1.0,1.0,0,0,0.5,37,37,1.0,1.0,0,0,0.5,147,147
iter46_cv_split3,0.9864864864864865,0.9864864864864865,1,0,0.5,37,36,1.0,1.0,0,0,0.5,147,147
iter46_cv_split4,0.9594594594594594,0.9594594594594594,3,0,0.5,37,34,1.0,1.0,0,0,0.5,147,147
iter46_cv_split5,0.9305555555555556,0.9305555555555556,5,0,0.5,36,31,1.0,1.0,0,0,0.5,148,148
iter47_cv_split1,0.972972972972973,0.972972972972973,2,0,0.5,37,35,1.0,1.0,0,0,0.5,147,147
iter47_cv_split2,0.9864864864864865,0.9864864864864865,1,0,0.5,37,36,1.0,1.0,0,0,0.5,147,147
iter47_cv_split3,0.9864864864864865,0.9864864864864865,1,0,0.5,37,36,1.0,1.0,0,0,0.5,147,147
iter47_cv_split4,0.9864864864864865,0.9864864864864865,1,0,0.5,37,36,1.0,1.0,0,0,0.5,147,147
iter47_cv_split5,0.9583333333333334,0.9583333333333333,3,0,0.5,36,33,1.0,1.0,0,0,0.5,148,148
iter48_cv_split1,1.0,1.0,0,0,0.5,37,37,1.0,1.0,0,0,0.5,147,147
iter48_cv_split2,0.972972972972973,0.972972972972973,2,0,0.5,37,35,1.0,1.0,0,0,0.5,147,147
iter48_cv_split3,0.9594594594594594,0.9594594594594594,3,0,0.5,37,34,1.0,1.0,0,0,0.5,147,147
iter48_cv_split4,0.9864864864864865,0.9864864864864865,1,0,0.5,37,36,1.0,1.0,0,0,0.5,147,147
iter48_cv_split5,0.9722222222222222,0.9722222222222222,2,0,0.5,36,34,1.0,1.0,0,0,0.5,148,148
iter49_cv_split1,0.9594594594594594,0.9594594594594594,3,0,0.5,37,34,1.0,1.0,0,0,0.5,147,147
iter49_cv_split2,0.9864864864864865,0.9864864864864865,1,0,0.5,37,36,1.0,1.0,0,0,0.5,147,147
iter49_cv_split3,1.0,1.0,0,0,0.5,37,37,1.0,1.0,0,0,0.5,147,147
iter49_cv_split4,0.972972972972973,0.972972972972973,2,0,0.5,37,35,1.0,1.0,0,0,0.5,147,147
iter49_cv_split5,0.9861111111111112,0.9861111111111112,1,0,0.5,36,35,1.0,1.0,0,0,0.5,148,148
iter50_cv_split1,1.0,1.0,0,0,0.5,37,37,1.0,1.0,0,0,0.5,147,147
iter50_cv_split2,0.9594594594594594,0.9594594594594594,1,2,0.5,35,36,1.0,1.0,0,0,0.5,147,147
iter50_cv_split3,1.0,1.0,0,0,0.5,37,37,1.0,1.0,0,0,0.5,147,147
iter50_cv_split4,0.9864864864864865,0.9864864864864865,1,0,0.5,37,36,1.0,1.0,0,0,0.5,147,147
iter50_cv_split5,0.9861111111111112,0.9861111111111112,1,0,0.5,36,35,1.0,1.0,0,0,0.5,148,148
iter51_cv_split1,1.0,1.0,0,0,0.5,37,37,1.0,1.0,0,0,0.5,147,147
iter51_cv_split2,1.0,1.0,0,0,0.5,37,37,1.0,1.0,0,0,0.5,147,147
iter51_cv_split3,0.9594594594594594,0.9594594594594594,3,0,0.5,37,34,1.0,1.0,0,0,0.5,147,147
iter51_cv_split4,1.0,1.0,0,0,0.5,37,37,1.0,1.0,0,0,0.5,147,147
iter51_cv_split5,0.9583333333333334,0.9583333333333333,3,0,0.5,36,33,1.0,1.0,0,0,0.5,148,148
iter52_cv_split1,1.0,1.0,0,0,0.5,37,37,1.0,1.0,0,0,0.5,147,147
iter52_cv_split2,0.9864864864864865,0.9864864864864865,1,0,0.5,37,36,1.0,1.0,0,0,0.5,147,147
iter52_cv_split3,1.0,1.0,0,0,0.5,37,37,1.0,1.0,0,0,0.5,147,147
iter52_cv_split4,0.972972972972973,0.972972972972973,2,0,0.5,37,35,1.0,1.0,0,0,0.5,147,147
iter52_cv_split5,0.9861111111111112,0.9861111111111112,1,0,0.5,36,35,1.0,1.0,0,0,0.5,148,148
iter53_cv_split1,0.972972972972973,0.972972972972973,2,0,0.5,37,35,1.0,1.0,0,0,0.5,147,147
iter53_cv_split2,0.9864864864864865,0.9864864864864865,1,0,0.5,37,36,1.0,1.0,0,0,0.5,147,147
iter53_cv_split3,0.9864864864864865,0.9864864864864865,1,0,0.5,37,36,1.0,1.0,0,0,0.5,147,147
iter53_cv_split4,0.9864864864864865,0.9864864864864865,1,0,0.5,37,36,1.0,1.0,0,0,0.5,147,147
iter53_cv_split5,0.9583333333333334,0.9583333333333333,3,0,0.5,36,33,1.0,1.0,0,0,0.5,148,148
iter54_cv_split1,0.972972972972973,0.972972972972973,2,0,0.5,37,35,1.0,1.0,0,0,0.5,147,147
iter54_cv_split2,0.9864864864864865,0.9864864864864865,1,0,0.5,37,36,1.0,1.0,0,0,0.5,147,147
iter54_cv_split3,0.9864864864864865,0.9864864864864865,1,0,0.5,37,36,1.0,1.0,0,0,0.5,147,147
iter54_cv_split4,1.0,1.0,0,0,0.5,37,37,1.0,1.0,0,0,0.5,147,147
iter54_cv_split5,0.9861111111111112,0.9861111111111112,1,0,0.5,36,35,1.0,1.0,0,0,0.5,148,148
iter55_cv_split1,0.972972972972973,0.972972972972973,2,0,0.5,37,35,1.0,1.0,0,0,0.5,147,147
iter55_cv_split2,1.0,1.0,0,0,0.5,37,37,1.0,1.0,0,0,0.5,147,147
iter55_cv_split3,0.9864864864864865,0.9864864864864865,1,0,0.5,37,36,1.0,1.0,0,0,0.5,147,147
iter55_cv_split4,0.972972972972973,0.972972972972973,2,0,0.5,37,35,1.0,1.0,0,0,0.5,147,147
iter55_cv_split5,0.9444444444444444,0.9444444444444444,4,0,0.5,36,32,1.0,1.0,0,0,0.5,148,148
iter56_cv_split1,0.972972972972973,0.972972972972973,2,0,0.5,37,35,1.0,1.0,0,0,0.5,147,147
iter56_cv_split2,0.9864864864864865,0.9864864864864865,1,0,0.5,37,36,1.0,1.0,0,0,0.5,147,147
iter56_cv_split3,0.972972972972973,0.972972972972973,2,0,0.5,37,35,1.0,1.0,0,0,0.5,147,147
iter56_cv_split4,1.0,1.0,0,0,0.5,37,37,1.0,1.0,0,0,0.5,147,147
iter56_cv_split5,0.9861111111111112,0.9861111111111112,1,0,0.5,36,35,1.0,1.0,0,0,0.5,148,148
iter57_cv_split1,0.9594594594594594,0.9594594594594594,3,0,0.5,37,34,1.0,1.0,0,0,0.5,147,147
iter57_cv_split2,0.9864864864864865,0.9864864864864865,1,0,0.5,37,36,1.0,1.0,0,0,0.5,147,147
iter57_cv_split3,0.972972972972973,0.972972972972973,2,0,0.5,37,35,1.0,1.0,0,0,0.5,147,147
iter57_cv_split4,0.9459459459459459,0.9459459459459459,2,2,0.5,35,35,1.0,1.0,0,0,0.5,147,147
iter57_cv_split5,0.9722222222222222,0.9722222222222222,2,0,0.5,36,34,1.0,1.0,0,0,0.5,148,148
iter58_cv_split1,0.972972972972973,0.972972972972973,2,0,0.5,37,35,1.0,1.0,0,0,0.5,147,147
iter58_cv_split2,0.972972972972973,0.972972972972973,2,0,0.5,37,35,1.0,1.0,0,0,0.5,147,147
iter58_cv_split3,0.9864864864864865,0.9864864864864865,1,0,0.5,37,36,1.0,1.0,0,0,0.5,147,147
iter58_cv_split4,0.9594594594594594,0.9594594594594594,3,0,0.5,37,34,1.0,1.0,0,0,0.5,147,147
iter58_cv_split5,0.9861111111111112,0.9861111111111112,1,0,0.5,36,35,1.0,1.0,0,0,0.5,148,148
iter59_cv_split1,0.972972972972973,0.972972972972973,2,0,0.5,37,35,1.0,1.0,0,0,0.5,147,147
iter59_cv_split2,0.9864864864864865,0.9864864864864865,1,0,0.5,37,36,1.0,1.0,0,0,0.5,147,147
iter59_cv_split3,0.9864864864864865,0.9864864864864865,1,0,0.5,37,36,1.0,1.0,0,0,0.5,147,147
iter59_cv_split4,0.9459459459459459,0.9459459459459459,4,0,0.5,37,33,1.0,1.0,0,0,0.5,147,147
iter59_cv_split5,0.9861111111111112,0.9861111111111112,1,0,0.5,36,35,1.0,1.0,0,0,0.5,148,148
iter60_cv_split1,0.972972972972973,0.972972972972973,2,0,0.5,37,35,1.0,1.0,0,0,0.5,147,147
iter60_cv_split2,0.9864864864864865,0.9864864864864865,1,0,0.5,37,36,1.0,1.0,0,0,0.5,147,147
iter60_cv_split3,0.9864864864864865,0.9864864864864865,1,0,0.5,37,36,1.0,1.0,0,0,0.5,147,147
iter60_cv_split4,1.0,1.0,0,0,0.5,37,37,1.0,1.0,0,0,0.5,147,147
iter60_cv_split5,0.9861111111111112,0.9861111111111112,1,0,0.5,36,35,1.0,1.0,0,0,0.5,148,148
iter61_cv_split1,0.9864864864864865,0.9864864864864865,1,0,0.5,37,36,1.0,1.0,0,0,0.5,147,147
iter61_cv_split2,0.9459459459459459,0.9459459459459459,4,0,0.5,37,33,1.0,1.0,0,0,0.5,147,147
iter61_cv_split3,1.0,1.0,0,0,0.5,37,37,1.0,1.0,0,0,0.5,147,147
iter61_cv_split4,0.9459459459459459,0.9459459459459459,4,0,0.5,37,33,1.0,1.0,0,0,0.5,147,147
iter61_cv_split5,0.9861111111111112,0.9861111111111112,1,0,0.5,36,35,1.0,1.0,0,0,0.5,148,148
iter62_cv_split1,1.0,1.0,0,0,0.5,37,37,1.0,1.0,0,0,0.5,147,147
iter62_cv_split2,0.972972972972973,0.972972972972973,2,0,0.5,37,35,1.0,1.0,0,0,0.5,147,147
iter62_cv_split3,0.972972972972973,0.972972972972973,2,0,0.5,37,35,1.0,1.0,0,0,0.5,147,147
iter62_cv_split4,0.9864864864864865,0.9864864864864865,1,0,0.5,37,36,1.0,1.0,0,0,0.5,147,147
iter62_cv_split5,0.9444444444444444,0.9444444444444444,4,0,0.5,36,32,1.0,1.0,0,0,0.5,148,148
iter63_cv_split1,0.972972972972973,0.972972972972973,2,0,0.5,37,35,1.0,1.0,0,0,0.5,147,147
iter63_cv_split2,0.972972972972973,0.972972972972973,2,0,0.5,37,35,1.0,1.0,0,0,0.5,147,147
iter63_cv_split3,0.9594594594594594,0.9594594594594594,1,2,0.5,35,36,1.0,1.0,0,0,0.5,147,147
iter63_cv_split4,0.972972972972973,0.972972972972973,2,0,0.5,37,35,1.0,1.0,0,0,0.5,147,147
iter63_cv_split5,0.9583333333333334,0.9583333333333333,0,3,0.5,33,36,1.0,1.0,0,0,0.5,148,148
iter64_cv_split1,1.0,1.0,0,0,0.5,37,37,1.0,1.0,0,0,0.5,147,147
iter64_cv_split2,0.9594594594594594,0.9594594594594594,3,0,0.5,37,34,1.0,1.0,0,0,0.5,147,147
iter64_cv_split3,0.9594594594594594,0.9594594594594594,3,0,0.5,37,34,1.0,1.0,0,0,0.5,147,147
iter64_cv_split4,1.0,1.0,0,0,0.5,37,37,1.0,1.0,0,0,0.5,147,147
iter64_cv_split5,0.9722222222222222,0.9722222222222222,2,0,0.5,36,34,1.0,1.0,0,0,0.5,148,148
iter65_cv_split1,0.9864864864864865,0.9864864864864865,1,0,0.5,37,36,1.0,1.0,0,0,0.5,147,147
iter65_cv_split2,1.0,1.0,0,0,0.5,37,37,1.0,1.0,0,0,0.5,147,147
iter65_cv_split3,1.0,1.0,0,0,0.5,37,37,1.0,1.0,0,0,0.5,147,147
iter65_cv_split4,0.9594594594594594,0.9594594594594594,3,0,0.5,37,34,1.0,1.0,0,0,0.5,147,147
iter65_cv_split5,0.9861111111111112,0.9861111111111112,1,0,0.5,36,35,1.0,1.0,0,0,0.5,148,148
iter66_cv_split1,0.972972972972973,0.972972972972973,2,0,0.5,37,35,1.0,1.0,0,0,0.5,147,147
iter66_cv_split2,1.0,1.0,0,0,0.5,37,37,1.0,1.0,0,0,0.5,147,147
iter66_cv_split3,0.972972972972973,0.972972972972973,2,0,0.5,37,35,1.0,1.0,0,0,0.5,147,147
iter66_cv_split4,0.9594594594594594,0.9594594594594594,3,0,0.5,37,34,1.0,1.0,0,0,0.5,147,147
iter66_cv_split5,1.0,1.0,0,0,0.5,36,36,1.0,1.0,0,0,0.5,148,148
iter67_cv_split1,0.972972972972973,0.972972972972973,2,0,0.5,37,35,1.0,1.0,0,0,0.5,147,147
iter67_cv_split2,1.0,1.0,0,0,0.5,37,37,1.0,1.0,0,0,0.5,147,147
iter67_cv_split3,1.0,1.0,0,0,0.5,37,37,1.0,1.0,0,0,0.5,147,147
iter67_cv_split4,1.0,1.0,0,0,0.5,37,37,1.0,1.0,0,0,0.5,147,147
iter67_cv_split5,0.9583333333333334,0.9583333333333333,3,0,0.5,36,33,1.0,1.0,0,0,0.5,148,148
iter68_cv_split1,0.9459459459459459,0.9459459459459459,4,0,0.5,37,33,1.0,1.0,0,0,0.5,147,147
iter68_cv_split2,0.9864864864864865,0.9864864864864865,1,0,0.5,37,36,1.0,1.0,0,0,0.5,147,147
iter68_cv_split3,0.9864864864864865,0.9864864864864865,1,0,0.5,37,36,1.0,1.0,0,0,0.5,147,147
iter68_cv_split4,1.0,1.0,0,0,0.5,37,37,1.0,1.0,0,0,0.5,147,147
iter68_cv_split5,0.9722222222222222,0.9722222222222222,2,0,0.5,36,34,1.0,1.0,0,0,0.5,148,148
iter69_cv_split1,1.0,1.0,0,0,0.5,37,37,1.0,1.0,0,0,0.5,147,147
iter69_cv_split2,0.9864864864864865,0.9864864864864865,1,0,0.5,37,36,1.0,1.0,0,0,0.5,147,147
iter69_cv_split3,0.9864864864864865,0.9864864864864865,1,0,0.5,37,36,1.0,1.0,0,0,0.5,147,147
iter69_cv_split4,1.0,1.0,0,0,0.5,37,37,1.0,1.0,0,0,0.5,147,147
iter69_cv_split5,0.9722222222222222,0.9722222222222222,2,0,0.5,36,34,1.0,1.0,0,0,0.5,148,148
iter70_cv_split1,1.0,1.0,0,0,0.5,37,37,1.0,1.0,0,0,0.5,147,147
iter70_cv_split2,0.972972972972973,0.972972972972973,2,0,0.5,37,35,1.0,1.0,0,0,0.5,147,147
iter70_cv_split3,1.0,1.0,0,0,0.5,37,37,1.0,1.0,0,0,0.5,147,147
iter70_cv_split4,0.972972972972973,0.972972972972973,2,0,0.5,37,35,1.0,1.0,0,0,0.5,147,147
iter70_cv_split5,0.9861111111111112,0.9861111111111112,1,0,0.5,36,35,1.0,1.0,0,0,0.5,148,148
iter71_cv_split1,0.9594594594594594,0.9594594594594594,3,0,0.5,37,34,1.0,1.0,0,0,0.5,147,147
iter71_cv_split2,0.972972972972973,0.972972972972973,0,2,0.5,35,37,1.0,1.0,0,0,0.5,147,147
iter71_cv_split3,0.9594594594594594,0.9594594594594594,3,0,0.5,37,34,1.0,1.0,0,0,0.5,147,147
iter71_cv_split4,1.0,1.0,0,0,0.5,37,37,1.0,1.0,0,0,0.5,147,147
iter71_cv_split5,1.0,1.0,0,0,0.5,36,36,1.0,1.0,0,0,0.5,148,148
iter72_cv_split1,1.0,1.0,0,0,0.5,37,37,1.0,1.0,0,0,0.5,147,147
iter72_cv_split2,1.0,1.0,0,0,0.5,37,37,1.0,1.0,0,0,0.5,147,147
iter72_cv_split3,0.972972972972973,0.972972972972973,2,0,0.5,37,35,1.0,1.0,0,0,0.5,147,147
iter72_cv_split4,0.9594594594594594,0.9594594594594594,3,0,0.5,37,34,1.0,1.0,0,0,0.5,147,147
iter72_cv_split5,1.0,1.0,0,0,0.5,36,36,1.0,1.0,0,0,0.5,148,148
iter73_cv_split1,0.9864864864864865,0.9864864864864865,1,0,0.5,37,36,1.0,1.0,0,0,0.5,147,147
iter73_cv_split2,0.9594594594594594,0.9594594594594594,3,0,0.5,37,34,1.0,1.0,0,0,0.5,147,147
iter73_cv_split3,0.972972972972973,0.972972972972973,2,0,0.5,37,35,1.0,1.0,0,0,0.5,147,147
iter73_cv_split4,0.9864864864864865,0.9864864864864865,1,0,0.5,37,36,1.0,1.0,0,0,0.5,147,147
iter73_cv_split5,0.9722222222222222,0.9722222222222222,2,0,0.5,36,34,1.0,1.0,0,0,0.5,148,148
iter74_cv_split1,0.9594594594594594,0.9594594594594594,3,0,0.5,37,34,1.0,1.0,0,0,0.5,147,147
iter74_cv_split2,1.0,1.0,0,0,0.5,37,37,1.0,1.0,0,0,0.5,147,147
iter74_cv_split3,0.972972972972973,0.972972972972973,0,2,0.5,35,37,1.0,1.0,0,0,0.5,147,147
iter74_cv_split4,0.9864864864864865,0.9864864864864865,1,0,0.5,37,36,1.0,1.0,0,0,0.5,147,147
iter74_cv_split5,0.9722222222222222,0.9722222222222222,2,0,0.5,36,34,1.0,1.0,0,0,0.5,148,148
iter75_cv_split1,0.972972972972973,0.972972972972973,2,0,0.5,37,35,1.0,1.0,0,0,0.5,147,147
iter75_cv_split2,0.972972972972973,0.972972972972973,0,2,0.5,35,37,1.0,1.0,0,0,0.5,147,147
iter75_cv_split3,0.9594594594594594,0.9594594594594594,3,0,0.5,37,34,1.0,1.0,0,0,0.5,147,147
iter75_cv_split4,1.0,1.0,0,0,0.5,37,37,1.0,1.0,0,0,0.5,147,147
iter75_cv_split5,0.9861111111111112,0.9861111111111112,1,0,0.5,36,35,1.0,1.0,0,0,0.5,148,148
iter76_cv_split1,0.9864864864864865,0.9864864864864865,1,0,0.5,37,36,1.0,1.0,0,0,0.5,147,147
iter76_cv_split2,0.972972972972973,0.972972972972973,2,0,0.5,37,35,1.0,1.0,0,0,0.5,147,147
iter76_cv_split3,1.0,1.0,0,0,0.5,37,37,1.0,1.0,0,0,0.5,147,147
iter76_cv_split4,1.0,1.0,0,0,0.5,37,37,1.0,1.0,0,0,0.5,147,147
iter76_cv_split5,0.9583333333333334,0.9583333333333333,3,0,0.5,36,33,1.0,1.0,0,0,0.5,148,148
iter77_cv_split1,1.0,1.0,0,0,0.5,37,37,1.0,1.0,0,0,0.5,147,147
iter77_cv_split2,0.972972972972973,0.972972972972973,2,0,0.5,37,35,1.0,1.0,0,0,0.5,147,147
iter77_cv_split3,0.9864864864864865,0.9864864864864865,1,0,0.5,37,36,1.0,1.0,0,0,0.5,147,147
iter77_cv_split4,0.972972972972973,0.972972972972973,2,0,0.5,37,35,1.0,1.0,0,0,0.5,147,147
iter77_cv_split5,1.0,1.0,0,0,0.5,36,36,1.0,1.0,0,0,0.5,148,148
iter78_cv_split1,0.9864864864864865,0.9864864864864865,1,0,0.5,37,36,1.0,1.0,0,0,0.5,147,147
iter78_cv_split2,1.0,1.0,0,0,0.5,37,37,1.0,1.0,0,0,0.5,147,147
iter78_cv_split3,0.9594594594594594,0.9594594594594594,3,0,0.5,37,34,1.0,1.0,0,0,0.5,147,147
iter78_cv_split4,0.972972972972973,0.972972972972973,2,0,0.5,37,35,1.0,1.0,0,0,0.5,147,147
iter78_cv_split5,0.9861111111111112,0.9861111111111112,1,0,0.5,36,35,1.0,1.0,0,0,0.5,148,148
iter79_cv_split1,1.0,1.0,0,0,0.5,37,37,1.0,1.0,0,0,0.5,147,147
iter79_cv_split2,0.9864864864864865,0.9864864864864865,1,0,0.5,37,36,1.0,1.0,0,0,0.5,147,147
iter79_cv_split3,0.9324324324324325,0.9324324324324325,5,0,0.5,37,32,1.0,1.0,0,0,0.5,147,147
iter79_cv_split4,0.9864864864864865,0.9864864864864865,1,0,0.5,37,36,1.0,1.0,0,0,0.5,147,147
iter79_cv_split5,0.9722222222222222,0.9722222222222222,2,0,0.5,36,34,1.0,1.0,0,0,0.5,148,148
iter80_cv_split1,0.9864864864864865,0.9864864864864865,1,0,0.5,37,36,1.0,1.0,0,0,0.5,147,147
iter80_cv_split2,0.9864864864864865,0.9864864864864865,1,0,0.5,37,36,1.0,1.0,0,0,0.5,147,147
iter80_cv_split3,0.9864864864864865,0.9864864864864865,1,0,0.5,37,36,1.0,1.0,0,0,0.5,147,147
iter80_cv_split4,0.972972972972973,0.972972972972973,2,0,0.5,37,35,1.0,1.0,0,0,0.5,147,147
iter80_cv_split5,1.0,1.0,0,0,0.5,36,36,1.0,1.0,0,0,0.5,148,148
iter81_cv_split1,0.972972972972973,0.972972972972973,2,0,0.5,37,35,1.0,1.0,0,0,0.5,147,147
iter81_cv_split2,1.0,1.0,0,0,0.5,37,37,1.0,1.0,0,0,0.5,147,147
iter81_cv_split3,1.0,1.0,0,0,0.5,37,37,1.0,1.0,0,0,0.5,147,147
iter81_cv_split4,0.9594594594594594,0.9594594594594594,3,0,0.5,37,34,1.0,1.0,0,0,0.5,147,147
iter81_cv_split5,0.9861111111111112,0.9861111111111112,1,0,0.5,36,35,1.0,1.0,0,0,0.5,148,148
iter82_cv_split1,0.9594594594594594,0.9594594594594594,3,0,0.5,37,34,1.0,1.0,0,0,0.5,147,147
iter82_cv_split2,0.972972972972973,0.972972972972973,2,0,0.5,37,35,1.0,1.0,0,0,0.5,147,147
iter82_cv_split3,0.9864864864864865,0.9864864864864865,1,0,0.5,37,36,1.0,1.0,0,0,0.5,147,147
iter82_cv_split4,1.0,1.0,0,0,0.5,37,37,1.0,1.0,0,0,0.5,147,147
iter82_cv_split5,1.0,1.0,0,0,0.5,36,36,1.0,1.0,0,0,0.5,148,148
iter83_cv_split1,0.9594594594594594,0.9594594594594594,3,0,0.5,37,34,1.0,1.0,0,0,0.5,147,147
iter83_cv_split2,1.0,1.0,0,0,0.5,37,37,1.0,1.0,0,0,0.5,147,147
iter83_cv_split3,0.9864864864864865,0.9864864864864865,1,0,0.5,37,36,1.0,1.0,0,0,0.5,147,147
iter83_cv_split4,0.9864864864864865,0.9864864864864865,1,0,0.5,37,36,1.0,1.0,0,0,0.5,147,147
iter83_cv_split5,0.9583333333333334,0.9583333333333333,3,0,0.5,36,33,1.0,1.0,0,0,0.5,148,148
iter84_cv_split1,0.9864864864864865,0.9864864864864865,1,0,0.5,37,36,1.0,1.0,0,0,0.5,147,147
iter84_cv_split2,0.9864864864864865,0.9864864864864865,1,0,0.5,37,36,1.0,1.0,0,0,0.5,147,147
iter84_cv_split3,1.0,1.0,0,0,0.5,37,37,1.0,1.0,0,0,0.5,147,147
iter84_cv_split4,0.9864864864864865,0.9864864864864865,1,0,0.5,37,36,1.0,1.0,0,0,0.5,147,147
iter84_cv_split5,0.9722222222222222,0.9722222222222222,2,0,0.5,36,34,1.0,1.0,0,0,0.5,148,148
iter85_cv_split1,0.9594594594594594,0.9594594594594594,3,0,0.5,37,34,1.0,1.0,0,0,0.5,147,147
iter85_cv_split2,0.9459459459459459,0.9459459459459458,1,3,0.5,34,36,1.0,1.0,0,0,0.5,147,147
iter85_cv_split3,1.0,1.0,0,0,0.5,37,37,1.0,1.0,0,0,0.5,147,147
iter85_cv_split4,1.0,1.0,0,0,0.5,37,37,1.0,1.0,0,0,0.5,147,147
iter85_cv_split5,0.9861111111111112,0.9861111111111112,1,0,0.5,36,35,1.0,1.0,0,0,0.5,148,148
iter86_cv_split1,0.972972972972973,0.972972972972973,2,0,0.5,37,35,1.0,1.0,0,0,0.5,147,147
iter86_cv_split2,1.0,1.0,0,0,0.5,37,37,1.0,1.0,0,0,0.5,147,147
iter86_cv_split3,0.9864864864864865,0.9864864864864865,1,0,0.5,37,36,1.0,1.0,0,0,0.5,147,147
iter86_cv_split4,0.9864864864864865,0.9864864864864865,1,0,0.5,37,36,1.0,1.0,0,0,0.5,147,147
iter86_cv_split5,0.9583333333333334,0.9583333333333333,3,0,0.5,36,33,1.0,1.0,0,0,0.5,148,148
iter87_cv_split1,0.9864864864864865,0.9864864864864865,1,0,0.5,37,36,1.0,1.0,0,0,0.5,147,147
iter87_cv_split2,0.9864864864864865,0.9864864864864865,1,0,0.5,37,36,1.0,1.0,0,0,0.5,147,147
iter87_cv_split3,0.9864864864864865,0.9864864864864865,1,0,0.5,37,36,1.0,1.0,0,0,0.5,147,147
iter87_cv_split4,0.9594594594594594,0.9594594594594594,3,0,0.5,37,34,1.0,1.0,0,0,0.5,147,147
iter87_cv_split5,0.9583333333333334,0.9583333333333333,3,0,0.5,36,33,1.0,1.0,0,0,0.5,148,148
iter88_cv_split1,1.0,1.0,0,0,0.5,37,37,1.0,1.0,0,0,0.5,147,147
iter88_cv_split2,0.972972972972973,0.972972972972973,2,0,0.5,37,35,1.0,1.0,0,0,0.5,147,147
iter88_cv_split3,0.972972972972973,0.972972972972973,2,0,0.5,37,35,1.0,1.0,0,0,0.5,147,147
iter88_cv_split4,0.9864864864864865,0.9864864864864865,1,0,0.5,37,36,1.0,1.0,0,0,0.5,147,147
iter88_cv_split5,1.0,1.0,0,0,0.5,36,36,1.0,1.0,0,0,0.5,148,148
iter89_cv_split1,0.9864864864864865,0.9864864864864865,1,0,0.5,37,36,1.0,1.0,0,0,0.5,147,147
iter89_cv_split2,0.972972972972973,0.972972972972973,2,0,0.5,37,35,1.0,1.0,0,0,0.5,147,147
iter89_cv_split3,0.9864864864864865,0.9864864864864865,1,0,0.5,37,36,1.0,1.0,0,0,0.5,147,147
iter89_cv_split4,0.9459459459459459,0.9459459459459459,4,0,0.5,37,33,1.0,1.0,0,0,0.5,147,147
iter89_cv_split5,1.0,1.0,0,0,0.5,36,36,1.0,1.0,0,0,0.5,148,148
iter90_cv_split1,0.972972972972973,0.972972972972973,2,0,0.5,37,35,1.0,1.0,0,0,0.5,147,147
iter90_cv_split2,0.972972972972973,0.972972972972973,2,0,0.5,37,35,1.0,1.0,0,0,0.5,147,147
iter90_cv_split3,0.972972972972973,0.972972972972973,2,0,0.5,37,35,1.0,1.0,0,0,0.5,147,147
iter90_cv_split4,0.972972972972973,0.972972972972973,2,0,0.5,37,35,1.0,1.0,0,0,0.5,147,147
iter90_cv_split5,0.9861111111111112,0.9861111111111112,1,0,0.5,36,35,1.0,1.0,0,0,0.5,148,148
iter91_cv_split1,1.0,1.0,0,0,0.5,37,37,1.0,1.0,0,0,0.5,147,147
iter91_cv_split2,0.9594594594594594,0.9594594594594594,3,0,0.5,37,34,1.0,1.0,0,0,0.5,147,147
iter91_cv_split3,0.972972972972973,0.972972972972973,2,0,0.5,37,35,1.0,1.0,0,0,0.5,147,147
iter91_cv_split4,1.0,1.0,0,0,0.5,37,37,1.0,1.0,0,0,0.5,147,147
iter91_cv_split5,0.9583333333333334,0.9583333333333333,3,0,0.5,36,33,1.0,1.0,0,0,0.5,148,148
iter92_cv_split1,0.972972972972973,0.972972972972973,2,0,0.5,37,35,1.0,1.0,0,0,0.5,147,147
iter92_cv_split2,0.9864864864864865,0.9864864864864865,1,0,0.5,37,36,1.0,1.0,0,0,0.5,147,147
iter92_cv_split3,1.0,1.0,0,0,0.5,37,37,1.0,1.0,0,0,0.5,147,147
iter92_cv_split4,0.972972972972973,0.972972972972973,2,0,0.5,37,35,1.0,1.0,0,0,0.5,147,147
iter92_cv_split5,0.9722222222222222,0.9722222222222222,2,0,0.5,36,34,1.0,1.0,0,0,0.5,148,148
iter93_cv_split1,1.0,1.0,0,0,0.5,37,37,1.0,1.0,0,0,0.5,147,147
iter93_cv_split2,0.9864864864864865,0.9864864864864865,1,0,0.5,37,36,1.0,1.0,0,0,0.5,147,147
iter93_cv_split3,0.972972972972973,0.972972972972973,2,0,0.5,37,35,1.0,1.0,0,0,0.5,147,147
iter93_cv_split4,1.0,1.0,0,0,0.5,37,37,1.0,1.0,0,0,0.5,147,147
iter93_cv_split5,0.9861111111111112,0.9861111111111112,1,0,0.5,36,35,1.0,1.0,0,0,0.5,148,148
iter94_cv_split1,0.9459459459459459,0.9459459459459459,4,0,0.5,37,33,1.0,1.0,0,0,0.5,147,147
iter94_cv_split2,0.9864864864864865,0.9864864864864865,1,0,0.5,37,36,1.0,1.0,0,0,0.5,147,147
iter94_cv_split3,0.972972972972973,0.972972972972973,2,0,0.5,37,35,1.0,1.0,0,0,0.5,147,147
iter94_cv_split4,1.0,1.0,0,0,0.5,37,37,1.0,1.0,0,0,0.5,147,147
iter94_cv_split5,0.9722222222222222,0.9722222222222222,2,0,0.5,36,34,1.0,1.0,0,0,0.5,148,148
iter95_cv_split1,0.9864864864864865,0.9864864864864865,1,0,0.5,37,36,1.0,1.0,0,0,0.5,147,147
iter95_cv_split2,0.9864864864864865,0.9864864864864865,1,0,0.5,37,36,1.0,1.0,0,0,0.5,147,147
iter95_cv_split3,0.9459459459459459,0.9459459459459459,4,0,0.5,37,33,1.0,1.0,0,0,0.5,147,147
iter95_cv_split4,1.0,1.0,0,0,0.5,37,37,1.0,1.0,0,0,0.5,147,147
iter95_cv_split5,0.9861111111111112,0.9861111111111112,1,0,0.5,36,35,1.0,1.0,0,0,0.5,148,148
iter96_cv_split1,1.0,1.0,0,0,0.5,37,37,1.0,1.0,0,0,0.5,147,147
iter96_cv_split2,1.0,1.0,0,0,0.5,37,37,1.0,1.0,0,0,0.5,147,147
iter96_cv_split3,0.972972972972973,0.972972972972973,2,0,0.5,37,35,1.0,1.0,0,0,0.5,147,147
iter96_cv_split4,0.9594594594594594,0.9594594594594594,3,0,0.5,37,34,1.0,1.0,0,0,0.5,147,147
iter96_cv_split5,0.9861111111111112,0.9861111111111112,1,0,0.5,36,35,1.0,1.0,0,0,0.5,148,148
iter97_cv_split1,0.9864864864864865,0.9864864864864865,1,0,0.5,37,36,1.0,1.0,0,0,0.5,147,147
iter97_cv_split2,0.9594594594594594,0.9594594594594594,3,0,0.5,37,34,1.0,1.0,0,0,0.5,147,147
iter97_cv_split3,0.972972972972973,0.972972972972973,2,0,0.5,37,35,1.0,1.0,0,0,0.5,147,147
iter97_cv_split4,1.0,1.0,0,0,0.5,37,37,1.0,1.0,0,0,0.5,147,147
iter97_cv_split5,0.9861111111111112,0.9861111111111112,1,0,0.5,36,35,1.0,1.0,0,0,0.5,148,148
iter98_cv_split1,0.9864864864864865,0.9864864864864865,1,0,0.5,37,36,1.0,1.0,0,0,0.5,147,147
iter98_cv_split2,0.9594594594594594,0.9594594594594594,3,0,0.5,37,34,1.0,1.0,0,0,0.5,147,147
iter98_cv_split3,1.0,1.0,0,0,0.5,37,37,1.0,1.0,0,0,0.5,147,147
iter98_cv_split4,0.972972972972973,0.972972972972973,2,0,0.5,37,35,1.0,1.0,0,0,0.5,147,147
iter98_cv_split5,0.9722222222222222,0.9722222222222222,0,2,0.5,34,36,1.0,1.0,0,0,0.5,148,148
iter99_cv_split1,0.9864864864864865,0.9864864864864865,1,0,0.5,37,36,1.0,1.0,0,0,0.5,147,147
iter99_cv_split2,0.972972972972973,0.972972972972973,0,2,0.5,35,37,1.0,1.0,0,0,0.5,147,147
iter99_cv_split3,0.9594594594594594,0.9594594594594594,3,0,0.5,37,34,1.0,1.0,0,0,0.5,147,147
iter99_cv_split4,1.0,1.0,0,0,0.5,37,37,1.0,1.0,0,0,0.5,147,147
iter99_cv_split5,0.9861111111111112,0.9861111111111112,1,0,0.5,36,35,1.0,1.0,0,0,0.5,148,148
iter100_cv_split1,1.0,1.0,0,0,0.5,37,37,1.0,1.0,0,0,0.5,147,147
iter100_cv_split2,0.9864864864864865,0.9864864864864865,1,0,0.5,37,36,1.0,1.0,0,0,0.5,147,147
iter100_cv_split3,0.9594594594594594,0.9594594594594594,3,0,0.5,37,34,1.0,1.0,0,0,0.5,147,147
iter100_cv_split4,0.972972972972973,0.972972972972973,2,0,0.5,37,35,1.0,1.0,0,0,0.5,147,147
iter100_cv_split5,0.9861111111111112,0.9861111111111112,1,0,0.5,36,35,1.0,1.0,0,0,0.5,148,148
