"selectedUser","date","dailyNetWorth"
"anbessa100","2017-04-29",200000
"anbessa100","2017-04-30",199974.318509375
"anbessa100","2017-05-01",199876.339117595
"anbessa100","2017-05-02",199836.307798259
"anbessa100","2017-05-03",199855.74549815
"anbessa100","2017-05-04",199890.940206715
"anbessa100","2017-05-05",200000.81340234
"anbessa100","2017-05-06",200134.23085417
"anbessa100","2017-05-07",200327.391095647
"anbessa100","2017-05-08",200503.486314217
"anbessa100","2017-05-09",200376.061392713
"anbessa100","2017-05-10",200338.128979937
"anbessa100","2017-05-11",200260.712788668
"anbessa100","2017-05-12",200275.922256501
"anbessa100","2017-05-13",199540.282889598
"anbessa100","2017-05-14",200170.208043505
"anbessa100","2017-05-15",200080.227491609
"anbessa100","2017-05-16",199949.359324444
"anbessa100","2017-05-17",200058.621860478
"anbessa100","2017-05-18",200122.576615639
"anbessa100","2017-05-19",200395.707552824
"anbessa100","2017-05-20",200489.724861793
"anbessa100","2017-05-21",199994.388822999
"anbessa100","2017-05-22",198922.592068916
"anbessa100","2017-05-23",199540.566184322
"anbessa100","2017-05-24",200376.428453393
"anbessa100","2017-05-25",199493.39889199
"anbessa100","2017-05-26",199814.728042502
"anbessa100","2017-05-27",199875.841506433
"anbessa100","2017-05-28",199935.04309556
"anbessa100","2017-05-29",200254.885786736
"anbessa100","2017-05-30",200274.015777113
"anbessa100","2017-05-31",199295.115400647
"anbessa100","2017-06-01",199322.376306088
"anbessa100","2017-06-02",199829.231462072
"anbessa100","2017-06-03",199704.534444064
"anbessa100","2017-06-04",199607.272949196
"anbessa100","2017-06-05",200186.252176429
"anbessa100","2017-06-06",200385.213568576
"anbessa100","2017-06-07",200440.53804498
"anbessa100","2017-06-08",200771.952146063
"anbessa100","2017-06-09",201803.330786569
"anbessa100","2017-06-10",201664.799126954
"anbessa100","2017-06-11",202597.049005669
"anbessa100","2017-06-12",203046.787626688
"anbessa100","2017-06-13",204200.336253298
"anbessa100","2017-06-14",203039.370991275
"anbessa100","2017-06-15",203172.1438535
"anbessa100","2017-06-16",202637.83582424
"anbessa100","2017-06-17",203044.780057887
"anbessa100","2017-06-18",202736.034531789
"anbessa100","2017-06-19",203750.669306752
"anbessa100","2017-06-20",203294.754848786
"anbessa100","2017-06-21",203209.24598822
"anbessa100","2017-06-22",202472.996580231
"anbessa100","2017-06-23",202572.93173436
"anbessa100","2017-06-24",201244.807896516
"anbessa100","2017-06-25",201186.004623442
"anbessa100","2017-06-26",200592.732395367
"anbessa100","2017-06-27",199963.922586409
"anbessa100","2017-06-28",201357.921241794
"anbessa100","2017-06-29",199660.95197108
"anbessa100","2017-06-30",199337.631242475
"anbessa100","2017-07-01",198445.240557611
"anbessa100","2017-07-02",199059.806204586
"anbessa100","2017-07-03",198350.407722956
"anbessa100","2017-07-04",197902.531891592
"anbessa100","2017-07-05",197792.505090608
"anbessa100","2017-07-06",194884.694112441
"anbessa100","2017-07-07",192609.826771843
"anbessa100","2017-07-08",193805.356183952
"anbessa100","2017-07-09",190781.315447231
"anbessa100","2017-07-10",186595.853334166
"anbessa100","2017-07-11",184927.185122443
"anbessa100","2017-07-12",185754.3592946
"anbessa100","2017-07-13",186725.759408414
"anbessa100","2017-07-14",187082.088261021
"anbessa100","2017-07-15",185596.217911178
"anbessa100","2017-07-16",182891.741196455
"anbessa100","2017-07-17",185805.179649123
"anbessa100","2017-07-18",187143.702708621
"anbessa100","2017-07-19",186177.911625715
"anbessa100","2017-07-20",188381.86033949
"anbessa100","2017-07-21",188338.548373096
"anbessa100","2017-07-22",190302.818949679
"anbessa100","2017-07-23",187725.468126053
"anbessa100","2017-07-24",187298.825089027
"anbessa100","2017-07-25",184166.931404787
"anbessa100","2017-07-26",183513.439384835
"anbessa100","2017-07-27",184169.088718219
"anbessa100","2017-07-28",179498.563807734
"anbessa100","2017-07-29",179804.904287662
"anbessa100","2017-07-30",179850.964784425
"anbessa100","2017-07-31",180365.347557778
"anbessa100","2017-08-01",181648.504092434
"anbessa100","2017-08-02",182886.493840506
"anbessa100","2017-08-03",183439.503010776
"anbessa100","2017-08-04",183951.359734219
"anbessa100","2017-08-05",185720.94105104
"anbessa100","2017-08-06",188159.493582908
"anbessa100","2017-08-07",188743.165135868
"anbessa100","2017-08-08",189140.041116633
"anbessa100","2017-08-09",189320.088363663
"anbessa100","2017-08-10",189022.022530182
"anbessa100","2017-08-11",191872.557003278
"anbessa100","2017-08-12",192946.771042305
"anbessa100","2017-08-13",193372.193704627
"anbessa100","2017-08-14",196537.504863904
"anbessa100","2017-08-15",196234.595539457
"anbessa100","2017-08-16",200090.953034552
"anbessa100","2017-08-17",199501.170637802
"anbessa100","2017-08-18",195537.027153871
"anbessa100","2017-08-19",200918.908653669
"anbessa100","2017-08-20",202382.760135143
"anbessa100","2017-08-21",201194.196174365
"anbessa100","2017-08-22",201633.839301292
"anbessa100","2017-08-23",202581.851141336
"anbessa100","2017-08-24",205117.092281826
"anbessa100","2017-08-25",202980.067929574
"anbessa100","2017-08-26",201369.602239321
"anbessa100","2017-08-27",202296.638984267
"anbessa100","2017-08-28",205656.766827404
"anbessa100","2017-08-29",206113.77069438
"anbessa100","2017-08-30",204569.913607955
"anbessa100","2017-08-31",205139.400912548
"anbessa100","2017-09-01",210026.583805026
"anbessa100","2017-09-02",200484.457829752
"anbessa100","2017-09-03",200494.748935155
"anbessa100","2017-09-04",189537.189952009
"anbessa100","2017-09-05",193968.585780965
"anbessa100","2017-09-06",197815.494479532
"anbessa100","2017-09-07",200176.351404626
"anbessa100","2017-09-08",192622.585643147
"anbessa100","2017-09-09",195100.867411863
"anbessa100","2017-09-10",193412.210028339
"anbessa100","2017-09-11",195682.018862956
"anbessa100","2017-09-12",198429.719133253
"anbessa100","2017-09-13",194722.451015171
"anbessa100","2017-09-14",181849.472393187
"anbessa100","2017-09-15",190796.436553412
"anbessa100","2017-09-16",191666.285953578
"anbessa100","2017-09-17",194514.564979441
"anbessa100","2017-09-18",199033.334905513
"anbessa100","2017-09-19",192219.624994575
"anbessa100","2017-09-20",192999.929373159
"anbessa100","2017-09-21",186326.091776189
"anbessa100","2017-09-22",187813.884861687
"anbessa100","2017-09-23",191010.840783495
"anbessa100","2017-09-24",189442.765173047
"anbessa100","2017-09-25",195866.901909934
"anbessa100","2017-09-26",196524.557196908
"anbessa100","2017-09-27",200526.352270819
"anbessa100","2017-09-28",198448.737474221
"anbessa100","2017-09-29",196252.340974452
"anbessa100","2017-09-30",199014.927735976
"anbessa100","2017-10-01",198550.371964787
"anbessa100","2017-10-02",196559.679827835
"anbessa100","2017-10-03",194572.885739428
"anbessa100","2017-10-04",190902.529336332
"anbessa100","2017-10-05",191624.43854871
"anbessa100","2017-10-06",191328.243542739
"anbessa100","2017-10-07",190157.595884611
"anbessa100","2017-10-08",183317.057267641
"anbessa100","2017-10-09",182889.411521674
"anbessa100","2017-10-10",183818.51888102
"anbessa100","2017-10-11",186187.123459741
"anbessa100","2017-10-12",184013.402450174
"anbessa100","2017-10-13",182087.553513403
"anbessa100","2017-10-14",183169.926068125
"anbessa100","2017-10-15",181848.768247269
"anbessa100","2017-10-16",182835.332671017
"anbessa100","2017-10-17",183926.370951031
"anbessa100","2017-10-18",183165.559827921
"anbessa100","2017-10-19",182113.574055538
"anbessa100","2017-10-20",179696.988043086
"anbessa100","2017-10-21",176387.508480705
"anbessa100","2017-10-22",178059.645892169
"anbessa100","2017-10-23",175018.615275258
"anbessa100","2017-10-24",178747.137772883
"anbessa100","2017-10-25",178521.023628671
"anbessa100","2017-10-26",179020.610833069
"anbessa100","2017-10-27",179222.055400307
"anbessa100","2017-10-28",178588.415007278
"anbessa100","2017-10-29",181390.232932924
"anbessa100","2017-10-30",179677.950921418
"anbessa100","2017-10-31",177984.066898498
"anbessa100","2017-11-01",174069.741802979
"anbessa100","2017-11-02",172293.846173814
"anbessa100","2017-11-03",172772.95147803
"anbessa100","2017-11-04",173070.948953397
"anbessa100","2017-11-05",173911.023416007
"anbessa100","2017-11-06",174971.968143814
"anbessa100","2017-11-07",175277.272328472
"anbessa100","2017-11-08",180227.387075456
"anbessa100","2017-11-09",183964.355762823
"anbessa100","2017-11-10",177383.525608404
"anbessa100","2017-11-11",176184.601211807
"anbessa100","2017-11-12",169566.317733264
"anbessa100","2017-11-13",176609.601045244
"anbessa100","2017-11-14",179738.488311831
"anbessa100","2017-11-15",181807.923983131
"anbessa100","2017-11-16",181429.574257153
"anbessa100","2017-11-17",179399.501594934
"anbessa100","2017-11-18",181136.523434928
"anbessa100","2017-11-19",180855.486124611
"anbessa100","2017-11-20",182652.565894969
"anbessa100","2017-11-21",183449.742435374
"anbessa100","2017-11-22",186897.12972708
"anbessa100","2017-11-23",186414.622201016
"anbessa100","2017-11-24",187525.651661579
"anbessa100","2017-11-25",190750.874487451
"anbessa100","2017-11-26",194969.90106052
"anbessa100","2017-11-27",199668.041068461
"anbessa100","2017-11-28",200922.422203096
"anbessa100","2017-11-29",187347.053772338
"anbessa100","2017-11-30",192553.556214383
"anbessa100","2017-12-01",199069.760811196
"anbessa100","2017-12-02",202955.66801682
"anbessa100","2017-12-03",207904.712624708
"anbessa100","2017-12-04",220172.404421714
"anbessa100","2017-12-05",221723.024676822
"anbessa100","2017-12-06",228718.690860431
"anbessa100","2017-12-07",228848.336373957
"anbessa100","2017-12-08",227458.89219065
"anbessa100","2017-12-09",220334.774820727
"anbessa100","2017-12-10",214161.92376807
"anbessa100","2017-12-11",229469.073536018
"anbessa100","2017-12-12",242763.991952965
"anbessa100","2017-12-13",240802.428779949
"anbessa100","2017-12-14",248236.427110076
"anbessa100","2017-12-15",247781.934516562
"anbessa100","2017-12-16",259553.954224115
"anbessa100","2017-12-17",274550.157501937
"anbessa100","2017-12-18",305526.17022539
"anbessa100","2017-12-19",300499.073234174
"anbessa100","2017-12-20",312107.18411608
"anbessa100","2017-12-21",317300.483802934
"anbessa100","2017-12-22",287616.369413702
"anbessa100","2017-12-23",334292.857355527
"anbessa100","2017-12-24",339749.067624034
"anbessa100","2017-12-25",352335.232854803
"anbessa100","2017-12-26",361249.410950074
"anbessa100","2017-12-27",351571.619310896
"anbessa100","2017-12-28",324715.403995048
"anbessa100","2017-12-29",334796.953577927
"anbessa100","2017-12-30",309330.267396336
"anbessa100","2017-12-31",334591.956441375
"anbessa100","2018-01-01",334001.451880195
"anbessa100","2018-01-02",356037.623388564
"anbessa100","2018-01-03",369729.814234175
"anbessa100","2018-01-04",372487.292631934
"anbessa100","2018-01-05",365442.873437609
"anbessa100","2018-01-06",399358.80758245
"anbessa100","2018-01-07",404266.452704859
"anbessa100","2018-01-08",391789.1314547
"anbessa100","2018-01-09",401289.228017704
"anbessa100","2018-01-10",408423.143039363
"anbessa100","2018-01-11",368421.57952823
"anbessa100","2018-01-12",389935.718804628
"anbessa100","2018-01-13",400559.560775977
"anbessa100","2018-01-14",375802.874432576
"anbessa100","2018-01-15",361964.959462664
"anbessa100","2018-01-16",295820.197146524
"anbessa100","2018-01-17",298842.506999224
"anbessa100","2018-01-18",307528.241135852
"anbessa100","2018-01-19",312624.813987734
"anbessa100","2018-01-20",337771.34851082
"anbessa100","2018-01-21",301405.628317659
"anbessa100","2018-01-22",290520.324849381
"anbessa100","2018-01-23",290787.120653599
"anbessa100","2018-01-24",302003.968324849
"anbessa100","2018-01-25",302556.452035704
"anbessa100","2018-01-26",299522.060222975
"anbessa100","2018-01-27",305564.936241616
"anbessa100","2018-01-28",311024.574289115
"anbessa100","2018-01-29",299505.940668074
"anbessa100","2018-01-30",264893.25832115
"anbessa100","2018-01-31",267904.398865134
"anbessa100","2018-02-01",237920.757868813
"anbessa100","2018-02-02",230847.406932098
"anbessa100","2018-02-03",241685.462776737
"cryptousemaki","2017-04-29",200000
"cryptousemaki","2017-04-30",200000
"cryptousemaki","2017-05-01",200000
"cryptousemaki","2017-05-02",200000
"cryptousemaki","2017-05-03",200000
"cryptousemaki","2017-05-04",200000
"cryptousemaki","2017-05-05",200005.913762169
"cryptousemaki","2017-05-06",201108.072826182
"cryptousemaki","2017-05-07",202328.572546277
"cryptousemaki","2017-05-08",204052.178788137
"cryptousemaki","2017-05-09",202887.678179587
"cryptousemaki","2017-05-10",203681.314443089
"cryptousemaki","2017-05-11",203591.819679764
"cryptousemaki","2017-05-12",204292.052845003
"cryptousemaki","2017-05-13",204561.05621071
"cryptousemaki","2017-05-14",204724.25972827
"cryptousemaki","2017-05-15",206266.128395478
"cryptousemaki","2017-05-16",208682.6091407
"cryptousemaki","2017-05-17",210034.373953777
"cryptousemaki","2017-05-18",209140.861412269
"cryptousemaki","2017-05-19",208009.032041098
"cryptousemaki","2017-05-20",208736.745686375
"cryptousemaki","2017-05-21",208265.516521454
"cryptousemaki","2017-05-22",207708.365055614
"cryptousemaki","2017-05-23",207873.675409977
"cryptousemaki","2017-05-24",207034.665820545
"cryptousemaki","2017-05-25",205587.835609343
"cryptousemaki","2017-05-26",206486.283792105
"cryptousemaki","2017-05-27",204418.104447728
"cryptousemaki","2017-05-28",205011.59049628
"cryptousemaki","2017-05-29",205099.400604963
"cryptousemaki","2017-05-30",204165.947041037
"cryptousemaki","2017-05-31",205606.158465885
"cryptousemaki","2017-06-01",208644.85589542
"cryptousemaki","2017-06-02",207481.041195705
"cryptousemaki","2017-06-03",207640.332210011
"cryptousemaki","2017-06-04",207848.39027458
"cryptousemaki","2017-06-05",208060.927161717
"cryptousemaki","2017-06-06",207973.702711122
"cryptousemaki","2017-06-07",209008.066843054
"cryptousemaki","2017-06-08",209480.11577441
"cryptousemaki","2017-06-09",209159.58864567
"cryptousemaki","2017-06-10",207285.837148451
"cryptousemaki","2017-06-11",207644.899411551
"cryptousemaki","2017-06-12",205991.193721551
"cryptousemaki","2017-06-13",207150.246828616
"cryptousemaki","2017-06-14",206989.919323712
"cryptousemaki","2017-06-15",206116.76368063
"cryptousemaki","2017-06-16",206712.732188286
"cryptousemaki","2017-06-17",207330.136914858
"cryptousemaki","2017-06-18",207793.444737191
"cryptousemaki","2017-06-19",208882.737153395
"cryptousemaki","2017-06-20",209787.602156967
"cryptousemaki","2017-06-21",210672.650505388
"cryptousemaki","2017-06-22",210925.25113598
"cryptousemaki","2017-06-23",211752.712300018
"cryptousemaki","2017-06-24",211104.021607551
"cryptousemaki","2017-06-25",210594.129333392
"cryptousemaki","2017-06-26",209770.773084278
"cryptousemaki","2017-06-27",209709.561089458
"cryptousemaki","2017-06-28",209891.730432953
"cryptousemaki","2017-06-29",209211.963908259
"cryptousemaki","2017-06-30",209067.06957881
"cryptousemaki","2017-07-01",208588.544730961
"cryptousemaki","2017-07-02",208656.494152166
"cryptousemaki","2017-07-03",209062.628617124
"cryptousemaki","2017-07-04",208822.353157767
"cryptousemaki","2017-07-05",208840.630705314
"cryptousemaki","2017-07-06",208716.213915112
"cryptousemaki","2017-07-07",207938.017847457
"cryptousemaki","2017-07-08",208051.458501365
"cryptousemaki","2017-07-09",207884.639772773
"cryptousemaki","2017-07-10",206520.666031433
"cryptousemaki","2017-07-11",205861.673786629
"cryptousemaki","2017-07-12",206632.302072527
"cryptousemaki","2017-07-13",206369.287021414
"cryptousemaki","2017-07-14",205732.298710711
"cryptousemaki","2017-07-15",205036.665178786
"cryptousemaki","2017-07-16",204258.772987466
"cryptousemaki","2017-07-17",205491.782815816
"cryptousemaki","2017-07-18",205913.547869926
"cryptousemaki","2017-07-19",205061.390050008
"cryptousemaki","2017-07-20",205916.635397509
"cryptousemaki","2017-07-21",205568.459592129
"cryptousemaki","2017-07-22",205867.388226798
"cryptousemaki","2017-07-23",206287.640009211
"cryptousemaki","2017-07-24",206563.029536096
"cryptousemaki","2017-07-25",205753.678717415
"cryptousemaki","2017-07-26",205584.401414958
"cryptousemaki","2017-07-27",205527.404321634
"cryptousemaki","2017-07-28",205149.322565639
"cryptousemaki","2017-07-29",205337.433482311
"cryptousemaki","2017-07-30",223210.258611214
"cryptousemaki","2017-07-31",224295.26032056
"cryptousemaki","2017-08-01",220348.097170366
"cryptousemaki","2017-08-02",223799.757793578
"cryptousemaki","2017-08-03",225400.064578659
"cryptousemaki","2017-08-04",225897.045793226
"cryptousemaki","2017-08-05",229208.151085565
"cryptousemaki","2017-08-06",229037.831417074
"cryptousemaki","2017-08-07",230087.066710848
"cryptousemaki","2017-08-08",231941.945009037
"cryptousemaki","2017-08-09",231276.936146931
"cryptousemaki","2017-08-10",232783.766283942
"cryptousemaki","2017-08-11",235223.945923413
"cryptousemaki","2017-08-12",236579.597764652
"cryptousemaki","2017-08-13",235954.92763259
"cryptousemaki","2017-08-14",238935.203453721
"cryptousemaki","2017-08-15",238637.974472169
"cryptousemaki","2017-08-16",240855.039167985
"cryptousemaki","2017-08-17",240285.458737045
"cryptousemaki","2017-08-18",241273.661642572
"cryptousemaki","2017-08-19",240712.001361079
"cryptousemaki","2017-08-20",240026.423640744
"cryptousemaki","2017-08-21",240943.549764225
"cryptousemaki","2017-08-22",243993.702341805
"cryptousemaki","2017-08-23",246898.371741268
"cryptousemaki","2017-08-24",245598.513905737
"cryptousemaki","2017-08-25",237461.294340103
"cryptousemaki","2017-08-26",242105.581660002
"cryptousemaki","2017-08-27",241769.576663504
"cryptousemaki","2017-08-28",243962.204149018
"cryptousemaki","2017-08-29",246882.421634773
"cryptousemaki","2017-08-30",249940.211859958
"cryptousemaki","2017-08-31",250911.82163646
"cryptousemaki","2017-09-01",253009.417989457
"cryptousemaki","2017-09-02",248567.476025679
"cryptousemaki","2017-09-03",248739.439313864
"cryptousemaki","2017-09-04",241543.128352419
"cryptousemaki","2017-09-05",247152.597499347
"cryptousemaki","2017-09-06",249986.798542347
"cryptousemaki","2017-09-07",250259.638758938
"cryptousemaki","2017-09-08",246159.8563053
"cryptousemaki","2017-09-09",246546.354480234
"cryptousemaki","2017-09-10",244236.882990194
"cryptousemaki","2017-09-11",245418.95287619
"cryptousemaki","2017-09-12",244406.889598839
"cryptousemaki","2017-09-13",241469.831081768
"cryptousemaki","2017-09-14",232866.779251817
"cryptousemaki","2017-09-15",238506.440846354
"cryptousemaki","2017-09-16",238145.631056363
"cryptousemaki","2017-09-17",237152.624885484
"cryptousemaki","2017-09-18",243110.890149507
"cryptousemaki","2017-09-19",241191.408915653
"cryptousemaki","2017-09-20",240901.134447289
"cryptousemaki","2017-09-21",237432.895447364
"cryptousemaki","2017-09-22",237901.883660356
"cryptousemaki","2017-09-23",239601.765491033
"cryptousemaki","2017-09-24",238382.80583952
"cryptousemaki","2017-09-25",241261.108414593
"cryptousemaki","2017-09-26",241592.570291884
"cryptousemaki","2017-09-27",245208.342765142
"cryptousemaki","2017-09-28",246302.197535072
"cryptousemaki","2017-09-29",245738.253916573
"cryptousemaki","2017-09-30",247946.088562168
"cryptousemaki","2017-10-01",249369.217260291
"cryptousemaki","2017-10-02",249093.84460882
"cryptousemaki","2017-10-03",248229.555782506
"cryptousemaki","2017-10-04",248222.46754978
"cryptousemaki","2017-10-05",250089.855671208
"cryptousemaki","2017-10-06",251019.791771841
"cryptousemaki","2017-10-07",251863.574212436
"cryptousemaki","2017-10-08",254354.317522845
"cryptousemaki","2017-10-09",256474.539731338
"cryptousemaki","2017-10-10",257696.343242899
"cryptousemaki","2017-10-11",259569.847147458
"cryptousemaki","2017-10-12",265951.962844724
"cryptousemaki","2017-10-13",269025.879685953
"cryptousemaki","2017-10-14",269926.329411886
"cryptousemaki","2017-10-15",268209.758013862
"cryptousemaki","2017-10-16",270056.445824474
"cryptousemaki","2017-10-17",267089.739370541
"cryptousemaki","2017-10-18",267033.869630194
"cryptousemaki","2017-10-19",268319.374187541
"cryptousemaki","2017-10-20",273346.306608396
"cryptousemaki","2017-10-21",272268.713388628
"cryptousemaki","2017-10-22",270319.438472692
"cryptousemaki","2017-10-23",268027.832859953
"cryptousemaki","2017-10-24",267073.432570547
"cryptousemaki","2017-10-25",270897.665773895
"cryptousemaki","2017-10-26",273997.071126797
"cryptousemaki","2017-10-27",272670.078961697
"cryptousemaki","2017-10-28",272308.386115287
"cryptousemaki","2017-10-29",277175.244733654
"cryptousemaki","2017-10-30",277509.887864817
"cryptousemaki","2017-10-31",280852.070674011
"cryptousemaki","2017-11-01",283865.805367043
"cryptousemaki","2017-11-02",287929.747135662
"cryptousemaki","2017-11-03",290581.144933599
"cryptousemaki","2017-11-04",292660.593271704
"cryptousemaki","2017-11-05",291655.6229834
"cryptousemaki","2017-11-06",286792.163443533
"cryptousemaki","2017-11-07",290741.696572566
"cryptousemaki","2017-11-08",295642.126359381
"cryptousemaki","2017-11-09",291550.147932409
"cryptousemaki","2017-11-10",284169.851247297
"cryptousemaki","2017-11-11",280581.911194535
"cryptousemaki","2017-11-12",272653.276839043
"cryptousemaki","2017-11-13",283615.997303762
"cryptousemaki","2017-11-14",285934.571856655
"cryptousemaki","2017-11-15",291667.492288772
"cryptousemaki","2017-11-16",301517.264378639
"cryptousemaki","2017-11-17",299541.08449226
"cryptousemaki","2017-11-18",299176.597826149
"cryptousemaki","2017-11-19",298706.234795702
"cryptousemaki","2017-11-20",300186.188936111
"cryptousemaki","2017-11-21",299241.895784435
"cryptousemaki","2017-11-22",301411.209092594
"cryptousemaki","2017-11-23",298273.08866655
"cryptousemaki","2017-11-24",301270.222912629
"cryptousemaki","2017-11-25",304228.007519237
"cryptousemaki","2017-11-26",302689.122695402
"cryptousemaki","2017-11-27",303081.692166913
"cryptousemaki","2017-11-28",300130.778294064
"cryptousemaki","2017-11-29",291980.862473117
"cryptousemaki","2017-11-30",297481.058046819
"cryptousemaki","2017-12-01",309846.02289134
"cryptousemaki","2017-12-02",308844.52555072
"cryptousemaki","2017-12-03",306802.214466094
"cryptousemaki","2017-12-04",313468.722790079
"cryptousemaki","2017-12-05",313202.03153067
"cryptousemaki","2017-12-06",322927.05285884
"cryptousemaki","2017-12-07",346363.552835076
"cryptousemaki","2017-12-08",336893.769528822
"cryptousemaki","2017-12-09",326887.440629953
"cryptousemaki","2017-12-10",326034.426080727
"cryptousemaki","2017-12-11",331746.289071793
"cryptousemaki","2017-12-12",343386.459661402
"cryptousemaki","2017-12-13",339867.450999368
"cryptousemaki","2017-12-14",356409.301622403
"cryptousemaki","2017-12-15",360381.035164132
"cryptousemaki","2017-12-16",380637.826886805
"cryptousemaki","2017-12-17",372400.602329597
"cryptousemaki","2017-12-18",378760.656435439
"cryptousemaki","2017-12-19",364785.144042947
"cryptousemaki","2017-12-20",358281.013806364
"cryptousemaki","2017-12-21",366239.601071591
"cryptousemaki","2017-12-22",344178.632487161
"cryptousemaki","2017-12-23",350604.74312219
"cryptousemaki","2017-12-24",335286.979895398
"cryptousemaki","2017-12-25",329459.935054236
"cryptousemaki","2017-12-26",388199.413380968
"cryptousemaki","2017-12-27",402747.340547616
"cryptousemaki","2017-12-28",398997.494431684
"cryptousemaki","2017-12-29",444921.991916892
"cryptousemaki","2017-12-30",417320.634372758
"cryptousemaki","2017-12-31",435577.824425675
"cryptousemaki","2018-01-01",429798.040031139
"cryptousemaki","2018-01-02",452507.112648524
"cryptousemaki","2018-01-03",485167.34774007
"cryptousemaki","2018-01-04",485366.004205069
"cryptousemaki","2018-01-05",480529.243485796
"cryptousemaki","2018-01-06",512609.465630023
"cryptousemaki","2018-01-07",499524.116385902
"cryptousemaki","2018-01-08",463491.011811088
"cryptousemaki","2018-01-09",449967.368930514
"cryptousemaki","2018-01-10",437898.577955937
"cryptousemaki","2018-01-11",419119.606468895
"cryptousemaki","2018-01-12",436100.687284751
"cryptousemaki","2018-01-13",438598.261842508
"cryptousemaki","2018-01-14",421376.182165593
"cryptousemaki","2018-01-15",397880.255205676
"cryptousemaki","2018-01-16",284028.539107747
"cryptousemaki","2018-01-17",291428.918960971
"cryptousemaki","2018-01-18",308389.633452073
"cryptousemaki","2018-01-19",305292.998327128
"cryptousemaki","2018-01-20",308249.098672866
"cryptousemaki","2018-01-21",290597.259882347
"cryptousemaki","2018-01-22",285326.542480166
"cryptousemaki","2018-01-23",283445.031741163
"cryptousemaki","2018-01-24",285040.665585485
"cryptousemaki","2018-01-25",285047.988531796
"cryptousemaki","2018-01-26",279968.693962359
"cryptousemaki","2018-01-27",282413.406824764
"cryptousemaki","2018-01-28",289888.46420105
"cryptousemaki","2018-01-29",283281.498091442
"cryptousemaki","2018-01-30",268701.801246601
"cryptousemaki","2018-01-31",269525.520918195
"cryptousemaki","2018-02-01",256548.98575601
"cryptousemaki","2018-02-02",250014.510432642
"cryptousemaki","2018-02-03",254676.839819012
"CryptoYoda1338","2017-04-29",200000
"CryptoYoda1338","2017-04-30",200000
"CryptoYoda1338","2017-05-01",200000
"CryptoYoda1338","2017-05-02",200000
"CryptoYoda1338","2017-05-03",200000
"CryptoYoda1338","2017-05-04",200000
"CryptoYoda1338","2017-05-05",200000
"CryptoYoda1338","2017-05-06",200000
"CryptoYoda1338","2017-05-07",200000
"CryptoYoda1338","2017-05-08",200000
"CryptoYoda1338","2017-05-09",200000
"CryptoYoda1338","2017-05-10",200000
"CryptoYoda1338","2017-05-11",200000
"CryptoYoda1338","2017-05-12",200000
"CryptoYoda1338","2017-05-13",200000
"CryptoYoda1338","2017-05-14",200000
"CryptoYoda1338","2017-05-15",200000
"CryptoYoda1338","2017-05-16",200000
"CryptoYoda1338","2017-05-17",200000
"CryptoYoda1338","2017-05-18",200000
"CryptoYoda1338","2017-05-19",200000
"CryptoYoda1338","2017-05-20",200000
"CryptoYoda1338","2017-05-21",205082.192108113
"CryptoYoda1338","2017-05-22",208001.75888437
"CryptoYoda1338","2017-05-23",210745.687553211
"CryptoYoda1338","2017-05-24",215298.204552476
"CryptoYoda1338","2017-05-25",212421.305981336
"CryptoYoda1338","2017-05-26",209795.488068334
"CryptoYoda1338","2017-05-27",210325.864284759
"CryptoYoda1338","2017-05-28",210668.840759202
"CryptoYoda1338","2017-05-29",211314.210122029
"CryptoYoda1338","2017-05-30",213039.985572752
"CryptoYoda1338","2017-05-31",212743.013866323
"CryptoYoda1338","2017-06-01",212120.179236012
"CryptoYoda1338","2017-06-02",212259.487294724
"CryptoYoda1338","2017-06-03",211760.13552121
"CryptoYoda1338","2017-06-04",213686.220311005
"CryptoYoda1338","2017-06-05",214196.425922509
"CryptoYoda1338","2017-06-06",218249.723631126
"CryptoYoda1338","2017-06-07",217843.927995124
"CryptoYoda1338","2017-06-08",219206.173824155
"CryptoYoda1338","2017-06-09",219001.3239549
"CryptoYoda1338","2017-06-10",220892.824751597
"CryptoYoda1338","2017-06-11",223848.410288104
"CryptoYoda1338","2017-06-12",222175.756421008
"CryptoYoda1338","2017-06-13",228360.598582018
"CryptoYoda1338","2017-06-14",226977.140974762
"CryptoYoda1338","2017-06-15",225817.495956447
"CryptoYoda1338","2017-06-16",227057.724915442
"CryptoYoda1338","2017-06-17",233944.407895311
"CryptoYoda1338","2017-06-18",235064.289478386
"CryptoYoda1338","2017-06-19",238913.852128394
"CryptoYoda1338","2017-06-20",236740.538970851
"CryptoYoda1338","2017-06-21",233272.708222137
"CryptoYoda1338","2017-06-22",233642.638698266
"CryptoYoda1338","2017-06-23",236863.887437468
"CryptoYoda1338","2017-06-24",232996.563712028
"CryptoYoda1338","2017-06-25",232802.22175907
"CryptoYoda1338","2017-06-26",226417.332782115
"CryptoYoda1338","2017-06-27",227400.724825682
"CryptoYoda1338","2017-06-28",230748.525220335
"CryptoYoda1338","2017-06-29",225938.250117846
"CryptoYoda1338","2017-06-30",228964.047758383
"CryptoYoda1338","2017-07-01",224080.402896842
"CryptoYoda1338","2017-07-02",227138.965151688
"CryptoYoda1338","2017-07-03",228316.577620403
"CryptoYoda1338","2017-07-04",230299.161037553
"CryptoYoda1338","2017-07-05",229598.851002268
"CryptoYoda1338","2017-07-06",229103.632698066
"CryptoYoda1338","2017-07-07",222332.11907311
"CryptoYoda1338","2017-07-08",224796.129520736
"CryptoYoda1338","2017-07-09",220946.088154603
"CryptoYoda1338","2017-07-10",211179.686279431
"CryptoYoda1338","2017-07-11",207548.058371502
"CryptoYoda1338","2017-07-12",222850.213373574
"CryptoYoda1338","2017-07-13",217585.3309656
"CryptoYoda1338","2017-07-14",212487.369712288
"CryptoYoda1338","2017-07-15",203317.502807653
"CryptoYoda1338","2017-07-16",200942.860334993
"CryptoYoda1338","2017-07-17",209216.916625667
"CryptoYoda1338","2017-07-18",213888.078690876
"CryptoYoda1338","2017-07-19",208138.407163169
"CryptoYoda1338","2017-07-20",218252.582468146
"CryptoYoda1338","2017-07-21",217031.825835868
"CryptoYoda1338","2017-07-22",222012.408113345
"CryptoYoda1338","2017-07-23",219852.008856554
"CryptoYoda1338","2017-07-24",220234.142160015
"CryptoYoda1338","2017-07-25",212647.97475943
"CryptoYoda1338","2017-07-26",212450.255705528
"CryptoYoda1338","2017-07-27",214193.313114194
"CryptoYoda1338","2017-07-28",211368.262961272
"CryptoYoda1338","2017-07-29",212688.038299453
"CryptoYoda1338","2017-07-30",210147.562343536
"CryptoYoda1338","2017-07-31",212230.529701299
"CryptoYoda1338","2017-08-01",214921.650257592
"CryptoYoda1338","2017-08-02",214221.126943287
"CryptoYoda1338","2017-08-03",216729.46731353
"CryptoYoda1338","2017-08-04",216999.548646029
"CryptoYoda1338","2017-08-05",225231.883602561
"CryptoYoda1338","2017-08-06",224475.945511814
"CryptoYoda1338","2017-08-07",225789.214880505
"CryptoYoda1338","2017-08-08",229423.845296375
"CryptoYoda1338","2017-08-09",227198.631606264
"CryptoYoda1338","2017-08-10",224715.135506031
"CryptoYoda1338","2017-08-11",227734.544486242
"CryptoYoda1338","2017-08-12",228214.52753751
"CryptoYoda1338","2017-08-13",227120.54006579
"CryptoYoda1338","2017-08-14",228589.232679217
"CryptoYoda1338","2017-08-15",226381.99507003
"CryptoYoda1338","2017-08-16",232118.719545541
"CryptoYoda1338","2017-08-17",230433.715829263
"CryptoYoda1338","2017-08-18",225800.824737702
"CryptoYoda1338","2017-08-19",228624.065934784
"CryptoYoda1338","2017-08-20",230763.053641663
"CryptoYoda1338","2017-08-21",232138.492519436
"CryptoYoda1338","2017-08-22",233924.780911246
"CryptoYoda1338","2017-08-23",237606.963071209
"CryptoYoda1338","2017-08-24",238269.505672441
"CryptoYoda1338","2017-08-25",239349.768772985
"CryptoYoda1338","2017-08-26",241954.975617912
"CryptoYoda1338","2017-08-27",244766.967138385
"CryptoYoda1338","2017-08-28",246940.788455425
"CryptoYoda1338","2017-08-29",247629.159355677
"CryptoYoda1338","2017-08-30",249656.841519896
"CryptoYoda1338","2017-08-31",255309.245372854
"CryptoYoda1338","2017-09-01",271364.331095238
"CryptoYoda1338","2017-09-02",256353.353234186
"CryptoYoda1338","2017-09-03",255626.210942281
"CryptoYoda1338","2017-09-04",237638.266031155
"CryptoYoda1338","2017-09-05",244389.95751194
"CryptoYoda1338","2017-09-06",255354.107148397
"CryptoYoda1338","2017-09-07",252001.665116685
"CryptoYoda1338","2017-09-08",238263.634512345
"CryptoYoda1338","2017-09-09",237381.694331654
"CryptoYoda1338","2017-09-10",233247.424488548
"CryptoYoda1338","2017-09-11",236305.074821482
"CryptoYoda1338","2017-09-12",234673.884758142
"CryptoYoda1338","2017-09-13",229611.844120794
"CryptoYoda1338","2017-09-14",201843.879189459
"CryptoYoda1338","2017-09-15",214121.899054961
"CryptoYoda1338","2017-09-16",212998.015189054
"CryptoYoda1338","2017-09-17",212179.590073113
"CryptoYoda1338","2017-09-18",224084.098256045
"CryptoYoda1338","2017-09-19",218933.131598558
"CryptoYoda1338","2017-09-20",218901.04416361
"CryptoYoda1338","2017-09-21",208633.638278122
"CryptoYoda1338","2017-09-22",210573.624340565
"CryptoYoda1338","2017-09-23",213847.936595796
"CryptoYoda1338","2017-09-24",211342.398957925
"CryptoYoda1338","2017-09-25",217617.311603793
"CryptoYoda1338","2017-09-26",218263.06561121
"CryptoYoda1338","2017-09-27",229000.290218038
"CryptoYoda1338","2017-09-28",228273.404288648
"CryptoYoda1338","2017-09-29",225611.849682755
"CryptoYoda1338","2017-09-30",228525.654355014
"CryptoYoda1338","2017-10-01",227243.44850185
"CryptoYoda1338","2017-10-02",225183.27225961
"CryptoYoda1338","2017-10-03",223171.878074095
"CryptoYoda1338","2017-10-04",221621.547063983
"CryptoYoda1338","2017-10-05",223559.424931559
"CryptoYoda1338","2017-10-06",225223.454279697
"CryptoYoda1338","2017-10-07",225409.706285311
"CryptoYoda1338","2017-10-08",226138.277175751
"CryptoYoda1338","2017-10-09",222130.588693955
"CryptoYoda1338","2017-10-10",223138.766358657
"CryptoYoda1338","2017-10-11",224667.654786037
"CryptoYoda1338","2017-10-12",230332.5017994
"CryptoYoda1338","2017-10-13",233416.008164361
"CryptoYoda1338","2017-10-14",236095.11466976
"CryptoYoda1338","2017-10-15",234707.647535138
"CryptoYoda1338","2017-10-16",234618.538171401
"CryptoYoda1338","2017-10-17",231470.182243554
"CryptoYoda1338","2017-10-18",232438.506595463
"CryptoYoda1338","2017-10-19",231512.480719184
"CryptoYoda1338","2017-10-20",231285.957168199
"CryptoYoda1338","2017-10-21",229018.280706539
"CryptoYoda1338","2017-10-22",228098.742378272
"CryptoYoda1338","2017-10-23",225007.455113764
"CryptoYoda1338","2017-10-24",226164.562621899
"CryptoYoda1338","2017-10-25",227240.531810155
"CryptoYoda1338","2017-10-26",228266.754195329
"CryptoYoda1338","2017-10-27",358234.033173359
"CryptoYoda1338","2017-10-28",357407.940708875
"CryptoYoda1338","2017-10-29",370904.184185979
"CryptoYoda1338","2017-10-30",372517.132864535
"CryptoYoda1338","2017-10-31",380176.67506038
"CryptoYoda1338","2017-11-01",384976.409541047
"CryptoYoda1338","2017-11-02",394859.248570986
"CryptoYoda1338","2017-11-03",406191.834309801
"CryptoYoda1338","2017-11-04",410249.163380372
"CryptoYoda1338","2017-11-05",410841.956064065
"CryptoYoda1338","2017-11-06",400805.653190976
"CryptoYoda1338","2017-11-07",411558.157947429
"CryptoYoda1338","2017-11-08",426473.296571463
"CryptoYoda1338","2017-11-09",420736.166016061
"CryptoYoda1338","2017-11-10",399626.29293942
"CryptoYoda1338","2017-11-11",400273.50661234
"CryptoYoda1338","2017-11-12",377892.417390684
"CryptoYoda1338","2017-11-13",405057.040067024
"CryptoYoda1338","2017-11-14",411952.012998808
"CryptoYoda1338","2017-11-15",428485.699163465
"CryptoYoda1338","2017-11-16",451538.412359494
"CryptoYoda1338","2017-11-17",446299.460367092
"CryptoYoda1338","2017-11-18",448845.760612161
"CryptoYoda1338","2017-11-19",450027.576131765
"CryptoYoda1338","2017-11-20",456052.363945121
"CryptoYoda1338","2017-11-21",452684.732367899
"CryptoYoda1338","2017-11-22",463823.921373398
"CryptoYoda1338","2017-11-23",457941.578756097
"CryptoYoda1338","2017-11-24",474604.151606079
"CryptoYoda1338","2017-11-25",489443.451712034
"CryptoYoda1338","2017-11-26",490444.067712386
"CryptoYoda1338","2017-11-27",503716.599615482
"CryptoYoda1338","2017-11-28",514525.87291437
"CryptoYoda1338","2017-11-29",475235.512469161
"CryptoYoda1338","2017-11-30",497424.16466965
"CryptoYoda1338","2017-12-01",539992.277967679
"CryptoYoda1338","2017-12-02",540312.963395698
"CryptoYoda1338","2017-12-03",539085.888758135
"CryptoYoda1338","2017-12-04",559438.76101276
"CryptoYoda1338","2017-12-05",561211.824719015
"CryptoYoda1338","2017-12-06",593601.778263314
"CryptoYoda1338","2017-12-07",661146.844574922
"CryptoYoda1338","2017-12-08",645441.795750206
"CryptoYoda1338","2017-12-09",620788.595496355
"CryptoYoda1338","2017-12-10",610521.996072081
"CryptoYoda1338","2017-12-11",656574.92444511
"CryptoYoda1338","2017-12-12",719668.666613178
"CryptoYoda1338","2017-12-13",702835.432500392
"CryptoYoda1338","2017-12-14",734483.601544727
"CryptoYoda1338","2017-12-15",751817.564264616
"CryptoYoda1338","2017-12-16",813917.460021339
"CryptoYoda1338","2017-12-17",812807.908013341
"CryptoYoda1338","2017-12-18",853643.505563649
"CryptoYoda1338","2017-12-19",820102.813601105
"CryptoYoda1338","2017-12-20",815368.349009181
"CryptoYoda1338","2017-12-21",816097.469507097
"CryptoYoda1338","2017-12-22",706993.38659496
"CryptoYoda1338","2017-12-23",758063.120831685
"CryptoYoda1338","2017-12-24",710224.985946654
"CryptoYoda1338","2017-12-25",707778.506641469
"CryptoYoda1338","2017-12-26",844506.898929721
"CryptoYoda1338","2017-12-27",856652.793818975
"CryptoYoda1338","2017-12-28",814018.619787581
"CryptoYoda1338","2017-12-29",891170.948205518
"CryptoYoda1338","2017-12-30",796897.407314193
"CryptoYoda1338","2017-12-31",854970.702491888
"CryptoYoda1338","2018-01-01",851999.874767586
"CryptoYoda1338","2018-01-02",913316.923571811
"CryptoYoda1338","2018-01-03",963016.518761428
"CryptoYoda1338","2018-01-04",965039.961742532
"CryptoYoda1338","2018-01-05",963265.306527673
"CryptoYoda1338","2018-01-06",1041580.47716995
"CryptoYoda1338","2018-01-07",1017788.95720153
"CryptoYoda1338","2018-01-08",913108.491515592
"CryptoYoda1338","2018-01-09",891078.267335001
"CryptoYoda1338","2018-01-10",871372.756024506
"CryptoYoda1338","2018-01-11",801018.569395425
"CryptoYoda1338","2018-01-12",854523.894661801
"CryptoYoda1338","2018-01-13",880199.269297549
"CryptoYoda1338","2018-01-14",829959.790355294
"CryptoYoda1338","2018-01-15",778236.892698199
"CryptoYoda1338","2018-01-16",501770.026142876
"CryptoYoda1338","2018-01-17",509939.407712293
"CryptoYoda1338","2018-01-18",545242.033826055
"CryptoYoda1338","2018-01-19",547047.707665429
"CryptoYoda1338","2018-01-20",582679.971946437
"CryptoYoda1338","2018-01-21",519693.241814349
"CryptoYoda1338","2018-01-22",494596.982121536
"CryptoYoda1338","2018-01-23",491784.957073715
"CryptoYoda1338","2018-01-24",502762.443394898
"CryptoYoda1338","2018-01-25",499623.772655133
"CryptoYoda1338","2018-01-26",489244.479118098
"CryptoYoda1338","2018-01-27",498899.403243543
"CryptoYoda1338","2018-01-28",525721.785576054
"CryptoYoda1338","2018-01-29",502749.613312381
"CryptoYoda1338","2018-01-30",447568.152228469
"CryptoYoda1338","2018-01-31",457721.515656133
"CryptoYoda1338","2018-02-01",411133.366697474
"CryptoYoda1338","2018-02-02",392526.048605537
"CryptoYoda1338","2018-02-03",419818.0904567
"officialmcafee","2017-04-29",200000
"officialmcafee","2017-04-30",200000
"officialmcafee","2017-05-01",200000
"officialmcafee","2017-05-02",200000
"officialmcafee","2017-05-03",200000
"officialmcafee","2017-05-04",200000
"officialmcafee","2017-05-05",200000
"officialmcafee","2017-05-06",200000
"officialmcafee","2017-05-07",200000
"officialmcafee","2017-05-08",200000
"officialmcafee","2017-05-09",200000
"officialmcafee","2017-05-10",200000
"officialmcafee","2017-05-11",200000
"officialmcafee","2017-05-12",200000
"officialmcafee","2017-05-13",200000
"officialmcafee","2017-05-14",200000
"officialmcafee","2017-05-15",200000
"officialmcafee","2017-05-16",200000
"officialmcafee","2017-05-17",200000
"officialmcafee","2017-05-18",200000
"officialmcafee","2017-05-19",200000
"officialmcafee","2017-05-20",200000
"officialmcafee","2017-05-21",200000
"officialmcafee","2017-05-22",200000
"officialmcafee","2017-05-23",200000
"officialmcafee","2017-05-24",200000
"officialmcafee","2017-05-25",200000
"officialmcafee","2017-05-26",200000
"officialmcafee","2017-05-27",200000
"officialmcafee","2017-05-28",200000
"officialmcafee","2017-05-29",200000
"officialmcafee","2017-05-30",200000
"officialmcafee","2017-05-31",200000
"officialmcafee","2017-06-01",200000
"officialmcafee","2017-06-02",200000
"officialmcafee","2017-06-03",200000
"officialmcafee","2017-06-04",200000
"officialmcafee","2017-06-05",200000
"officialmcafee","2017-06-06",200000
"officialmcafee","2017-06-07",200000
"officialmcafee","2017-06-08",200000
"officialmcafee","2017-06-09",200000
"officialmcafee","2017-06-10",200000
"officialmcafee","2017-06-11",200000
"officialmcafee","2017-06-12",200000
"officialmcafee","2017-06-13",200000
"officialmcafee","2017-06-14",200000
"officialmcafee","2017-06-15",200000
"officialmcafee","2017-06-16",200000
"officialmcafee","2017-06-17",200000
"officialmcafee","2017-06-18",200000
"officialmcafee","2017-06-19",200000
"officialmcafee","2017-06-20",200000
"officialmcafee","2017-06-21",200000
"officialmcafee","2017-06-22",200000
"officialmcafee","2017-06-23",200000
"officialmcafee","2017-06-24",200000
"officialmcafee","2017-06-25",200000
"officialmcafee","2017-06-26",200000
"officialmcafee","2017-06-27",200000
"officialmcafee","2017-06-28",200000
"officialmcafee","2017-06-29",200000
"officialmcafee","2017-06-30",200000
"officialmcafee","2017-07-01",200000
"officialmcafee","2017-07-02",200000
"officialmcafee","2017-07-03",200000
"officialmcafee","2017-07-04",200000
"officialmcafee","2017-07-05",200000
"officialmcafee","2017-07-06",200000
"officialmcafee","2017-07-07",200000
"officialmcafee","2017-07-08",200000
"officialmcafee","2017-07-09",200000
"officialmcafee","2017-07-10",200000
"officialmcafee","2017-07-11",200000
"officialmcafee","2017-07-12",200000
"officialmcafee","2017-07-13",200000
"officialmcafee","2017-07-14",200000
"officialmcafee","2017-07-15",200000
"officialmcafee","2017-07-16",200000
"officialmcafee","2017-07-17",201277.891868608
"officialmcafee","2017-07-18",201370.370755955
"officialmcafee","2017-07-19",201323.911538204
"officialmcafee","2017-07-20",201880.164839051
"officialmcafee","2017-07-21",201726.9976402
"officialmcafee","2017-07-22",201872.518745569
"officialmcafee","2017-07-23",201791.02856209
"officialmcafee","2017-07-24",201816.03169666
"officialmcafee","2017-07-25",201633.690766794
"officialmcafee","2017-07-26",201585.616465126
"officialmcafee","2017-07-27",201731.106904344
"officialmcafee","2017-07-28",201871.384098007
"officialmcafee","2017-07-29",201786.990852297
"officialmcafee","2017-07-30",201818.403212285
"officialmcafee","2017-07-31",201939.186956388
"officialmcafee","2017-08-01",201778.618993257
"officialmcafee","2017-08-02",201770.860457223
"officialmcafee","2017-08-03",201867.00906056
"officialmcafee","2017-08-04",201960.193269364
"officialmcafee","2017-08-05",202325.140902399
"officialmcafee","2017-08-06",202285.305573119
"officialmcafee","2017-08-07",202453.969399938
"officialmcafee","2017-08-08",202495.879805389
"officialmcafee","2017-08-09",202416.689583186
"officialmcafee","2017-08-10",202456.361359663
"officialmcafee","2017-08-11",202731.682057332
"officialmcafee","2017-08-12",202970.970028361
"officialmcafee","2017-08-13",203163.706783189
"officialmcafee","2017-08-14",203421.169559315
"officialmcafee","2017-08-15",203274.789801737
"officialmcafee","2017-08-16",203473.813117383
"officialmcafee","2017-08-17",203427.875224187
"officialmcafee","2017-08-18",203253.006612952
"officialmcafee","2017-08-19",203286.821154717
"officialmcafee","2017-08-20",203178.426535348
"officialmcafee","2017-08-21",203090.598680801
"officialmcafee","2017-08-22",203191.57209179
"officialmcafee","2017-08-23",203243.704547352
"officialmcafee","2017-08-24",203430.93161717
"officialmcafee","2017-08-25",203468.671426177
"officialmcafee","2017-08-26",203449.045089966
"officialmcafee","2017-08-27",203480.201898701
"officialmcafee","2017-08-28",203479.977013599
"officialmcafee","2017-08-29",203680.697189563
"officialmcafee","2017-08-30",203666.672536812
"officialmcafee","2017-08-31",203807.828826784
"officialmcafee","2017-09-01",204000.637135962
"officialmcafee","2017-09-02",203680.44163831
"officialmcafee","2017-09-03",203684.724677306
"officialmcafee","2017-09-04",203330.377310236
"officialmcafee","2017-09-05",203473.710896882
"officialmcafee","2017-09-06",203699.199100263
"officialmcafee","2017-09-07",203702.020386093
"officialmcafee","2017-09-08",203322.649440353
"officialmcafee","2017-09-09",203319.899708873
"officialmcafee","2017-09-10",203214.489928137
"officialmcafee","2017-09-11",203253.671046209
"officialmcafee","2017-09-12",203222.534681574
"officialmcafee","2017-09-13",202968.802953738
"officialmcafee","2017-09-14",202225.005699519
"officialmcafee","2017-09-15",202718.291171687
"officialmcafee","2017-09-16",202705.53405315
"officialmcafee","2017-09-17",202662.437889885
"officialmcafee","2017-09-18",203155.4678108
"officialmcafee","2017-09-19",203012.124002105
"officialmcafee","2017-09-20",202992.681662795
"officialmcafee","2017-09-21",202711.667283216
"officialmcafee","2017-09-22",202711.319733512
"officialmcafee","2017-09-23",202876.610283794
"officialmcafee","2017-09-24",202764.617502787
"officialmcafee","2017-09-25",203013.248427617
"officialmcafee","2017-09-26",202978.779674646
"officialmcafee","2017-09-27",203293.945923643
"officialmcafee","2017-09-28",203267.429925658
"officialmcafee","2017-09-29",203255.511015229
"officialmcafee","2017-09-30",203435.051103365
"officialmcafee","2017-10-01",203501.525095231
"officialmcafee","2017-10-02",203507.228999193
"officialmcafee","2017-10-03",203413.349690981
"officialmcafee","2017-10-04",203323.27298541
"officialmcafee","2017-10-05",203424.522391751
"officialmcafee","2017-10-06",203467.863884218
"officialmcafee","2017-10-07",203525.189141236
"officialmcafee","2017-10-08",203712.85575921
"officialmcafee","2017-10-09",203877.98275669
"officialmcafee","2017-10-10",203888.17414065
"officialmcafee","2017-10-11",203933.65204159
"officialmcafee","2017-10-12",204567.858696578
"officialmcafee","2017-10-13",204772.606360285
"officialmcafee","2017-10-14",204961.284961219
"officialmcafee","2017-10-15",204804.274271526
"officialmcafee","2017-10-16",204852.726789049
"officialmcafee","2017-10-17",204729.980411325
"officialmcafee","2017-10-18",204714.831333062
"officialmcafee","2017-10-19",204835.277749511
"officialmcafee","2017-10-20",205144.934313499
"officialmcafee","2017-10-21",205165.531744471
"officialmcafee","2017-10-22",205141.837032316
"officialmcafee","2017-10-23",205062.002820955
"officialmcafee","2017-10-24",204649.359102106
"officialmcafee","2017-10-25",204878.496577377
"officialmcafee","2017-10-26",205035.946815224
"officialmcafee","2017-10-27",204909.264948208
"officialmcafee","2017-10-28",204880.837426852
"officialmcafee","2017-10-29",205290.496307068
"officialmcafee","2017-10-30",205266.658486211
"officialmcafee","2017-10-31",205612.030893285
"officialmcafee","2017-11-01",205917.578193129
"officialmcafee","2017-11-02",206235.678170509
"officialmcafee","2017-11-03",206367.808390233
"officialmcafee","2017-11-04",206543.821871081
"officialmcafee","2017-11-05",206571.891620683
"officialmcafee","2017-11-06",206178.700463194
"officialmcafee","2017-11-07",206303.021036635
"officialmcafee","2017-11-08",206625.332498659
"officialmcafee","2017-11-09",206302.203272626
"officialmcafee","2017-11-10",205765.095871635
"officialmcafee","2017-11-11",205453.451179917
"officialmcafee","2017-11-12",204975.675767914
"officialmcafee","2017-11-13",205690.140694626
"officialmcafee","2017-11-14",205779.545530882
"officialmcafee","2017-11-15",206576.510042269
"officialmcafee","2017-11-16",207228.522888895
"officialmcafee","2017-11-17",207037.778503125
"officialmcafee","2017-11-18",207132.927945959
"officialmcafee","2017-11-19",207421.729248913
"officialmcafee","2017-11-20",207614.173569283
"officialmcafee","2017-11-21",207462.492508245
"officialmcafee","2017-11-22",207676.203596641
"officialmcafee","2017-11-23",207424.402249525
"officialmcafee","2017-11-24",207676.367728257
"officialmcafee","2017-11-25",208306.19935928
"officialmcafee","2017-11-26",208938.844675156
"officialmcafee","2017-11-27",209510.72612186
"officialmcafee","2017-11-28",209810.72255854
"officialmcafee","2017-11-29",209593.971368315
"officialmcafee","2017-11-30",210033.344969089
"officialmcafee","2017-12-01",210978.343988698
"officialmcafee","2017-12-02",211104.428763551
"officialmcafee","2017-12-03",211421.041642628
"officialmcafee","2017-12-04",211846.41855981
"officialmcafee","2017-12-05",212181.270853517
"officialmcafee","2017-12-06",215405.928856398
"officialmcafee","2017-12-07",219933.636763895
"officialmcafee","2017-12-08",219301.523567957
"officialmcafee","2017-12-09",217120.057224351
"officialmcafee","2017-12-10",217526.924318587
"officialmcafee","2017-12-11",219887.656423014
"officialmcafee","2017-12-12",220751.63241663
"officialmcafee","2017-12-13",218559.165691691
"officialmcafee","2017-12-14",218571.521935773
"officialmcafee","2017-12-15",220149.997973149
"officialmcafee","2017-12-16",223838.215330717
"officialmcafee","2017-12-17",224072.406937741
"officialmcafee","2017-12-18",224589.632328381
"officialmcafee","2017-12-19",223098.297515844
"officialmcafee","2017-12-20",224183.185776296
"officialmcafee","2017-12-21",222189.255028933
"officialmcafee","2017-12-22",217449.925441865
"officialmcafee","2017-12-23",223329.190190235
"officialmcafee","2017-12-24",223311.792355059
"officialmcafee","2017-12-25",221466.459595701
"officialmcafee","2017-12-26",228125.832298019
"officialmcafee","2017-12-27",225555.087511344
"officialmcafee","2017-12-28",223578.409858549
"officialmcafee","2017-12-29",224024.505299954
"officialmcafee","2017-12-30",218863.02685161
"officialmcafee","2017-12-31",224731.641109732
"officialmcafee","2018-01-01",222448.096751903
"officialmcafee","2018-01-02",226674.851772136
"officialmcafee","2018-01-03",228661.47171818
"officialmcafee","2018-01-04",233330.0585976
"officialmcafee","2018-01-05",240605.340646125
"officialmcafee","2018-01-06",243246.462558672
"officialmcafee","2018-01-07",245271.261963877
"officialmcafee","2018-01-08",238882.799748534
"officialmcafee","2018-01-09",239052.529359352
"officialmcafee","2018-01-10",237796.662585614
"officialmcafee","2018-01-11",231161.884963483
"officialmcafee","2018-01-12",234827.790731584
"officialmcafee","2018-01-13",236997.699283727
"officialmcafee","2018-01-14",233631.99283797
"officialmcafee","2018-01-15",231273.036185003
"officialmcafee","2018-01-16",219009.82886188
"officialmcafee","2018-01-17",219857.282954576
"officialmcafee","2018-01-18",221972.147602749
"officialmcafee","2018-01-19",222129.477250518
"officialmcafee","2018-01-20",226690.725670516
"officialmcafee","2018-01-21",222779.372552365
"officialmcafee","2018-01-22",219435.130392523
"officialmcafee","2018-01-23",218709.505314411
"officialmcafee","2018-01-24",222635.600189555
"officialmcafee","2018-01-25",222447.093089239
"officialmcafee","2018-01-26",221959.745288837
"officialmcafee","2018-01-27",223898.042496553
"officialmcafee","2018-01-28",226872.045474961
"officialmcafee","2018-01-29",223522.361279238
"officialmcafee","2018-01-30",216878.336810705
"officialmcafee","2018-01-31",217640.428784282
"officialmcafee","2018-02-01",212404.37557068
"officialmcafee","2018-02-02",209333.683454288
"officialmcafee","2018-02-03",211718.910979354
"ZeusZissou","2017-04-29",200000
"ZeusZissou","2017-04-30",200000
"ZeusZissou","2017-05-01",200000
"ZeusZissou","2017-05-02",200000
"ZeusZissou","2017-05-03",200000
"ZeusZissou","2017-05-04",200000
"ZeusZissou","2017-05-05",200000
"ZeusZissou","2017-05-06",200000
"ZeusZissou","2017-05-07",200000
"ZeusZissou","2017-05-08",200000
"ZeusZissou","2017-05-09",200000
"ZeusZissou","2017-05-10",200000
"ZeusZissou","2017-05-11",200000
"ZeusZissou","2017-05-12",200000
"ZeusZissou","2017-05-13",200000
"ZeusZissou","2017-05-14",200000
"ZeusZissou","2017-05-15",200000
"ZeusZissou","2017-05-16",200000
"ZeusZissou","2017-05-17",200000
"ZeusZissou","2017-05-18",200000
"ZeusZissou","2017-05-19",200000
"ZeusZissou","2017-05-20",200000
"ZeusZissou","2017-05-21",200000
"ZeusZissou","2017-05-22",200000
"ZeusZissou","2017-05-23",200000
"ZeusZissou","2017-05-24",200000
"ZeusZissou","2017-05-25",200000
"ZeusZissou","2017-05-26",200000
"ZeusZissou","2017-05-27",200000
"ZeusZissou","2017-05-28",200000
"ZeusZissou","2017-05-29",200000
"ZeusZissou","2017-05-30",200000
"ZeusZissou","2017-05-31",200000
"ZeusZissou","2017-06-01",200000
"ZeusZissou","2017-06-02",200000
"ZeusZissou","2017-06-03",200000
"ZeusZissou","2017-06-04",200000
"ZeusZissou","2017-06-05",200000
"ZeusZissou","2017-06-06",200000
"ZeusZissou","2017-06-07",200000
"ZeusZissou","2017-06-08",200000
"ZeusZissou","2017-06-09",200000
"ZeusZissou","2017-06-10",200000
"ZeusZissou","2017-06-11",200000
"ZeusZissou","2017-06-12",200000
"ZeusZissou","2017-06-13",200000
"ZeusZissou","2017-06-14",200000
"ZeusZissou","2017-06-15",200000
"ZeusZissou","2017-06-16",200000
"ZeusZissou","2017-06-17",200000
"ZeusZissou","2017-06-18",200000
"ZeusZissou","2017-06-19",200000
"ZeusZissou","2017-06-20",200000
"ZeusZissou","2017-06-21",200000
"ZeusZissou","2017-06-22",200000
"ZeusZissou","2017-06-23",200000
"ZeusZissou","2017-06-24",200000
"ZeusZissou","2017-06-25",200000
"ZeusZissou","2017-06-26",200000
"ZeusZissou","2017-06-27",200000
"ZeusZissou","2017-06-28",200000
"ZeusZissou","2017-06-29",200000
"ZeusZissou","2017-06-30",200000
"ZeusZissou","2017-07-01",200000
"ZeusZissou","2017-07-02",200000
"ZeusZissou","2017-07-03",200000
"ZeusZissou","2017-07-04",200000
"ZeusZissou","2017-07-05",200000
"ZeusZissou","2017-07-06",200000
"ZeusZissou","2017-07-07",200000
"ZeusZissou","2017-07-08",200000
"ZeusZissou","2017-07-09",200000
"ZeusZissou","2017-07-10",200000
"ZeusZissou","2017-07-11",200000
"ZeusZissou","2017-07-12",200000
"ZeusZissou","2017-07-13",200000
"ZeusZissou","2017-07-14",200000
"ZeusZissou","2017-07-15",200000
"ZeusZissou","2017-07-16",200000
"ZeusZissou","2017-07-17",200000
"ZeusZissou","2017-07-18",200000
"ZeusZissou","2017-07-19",200000
"ZeusZissou","2017-07-20",200000
"ZeusZissou","2017-07-21",200000
"ZeusZissou","2017-07-22",200000
"ZeusZissou","2017-07-23",200000
"ZeusZissou","2017-07-24",200000
"ZeusZissou","2017-07-25",200000
"ZeusZissou","2017-07-26",200000
"ZeusZissou","2017-07-27",200000
"ZeusZissou","2017-07-28",200000
"ZeusZissou","2017-07-29",200000
"ZeusZissou","2017-07-30",200000
"ZeusZissou","2017-07-31",200000
"ZeusZissou","2017-08-01",200000
"ZeusZissou","2017-08-02",200000
"ZeusZissou","2017-08-03",200000
"ZeusZissou","2017-08-04",200000
"ZeusZissou","2017-08-05",200000
"ZeusZissou","2017-08-06",200000
"ZeusZissou","2017-08-07",200000
"ZeusZissou","2017-08-08",200000
"ZeusZissou","2017-08-09",200000
"ZeusZissou","2017-08-10",200000
"ZeusZissou","2017-08-11",200000
"ZeusZissou","2017-08-12",200000
"ZeusZissou","2017-08-13",200000
"ZeusZissou","2017-08-14",200000
"ZeusZissou","2017-08-15",200000
"ZeusZissou","2017-08-16",200000
"ZeusZissou","2017-08-17",200000
"ZeusZissou","2017-08-18",200000
"ZeusZissou","2017-08-19",200000
"ZeusZissou","2017-08-20",200000
"ZeusZissou","2017-08-21",200000
"ZeusZissou","2017-08-22",200000
"ZeusZissou","2017-08-23",200000
"ZeusZissou","2017-08-24",200000
"ZeusZissou","2017-08-25",200000
"ZeusZissou","2017-08-26",200000
"ZeusZissou","2017-08-27",200000
"ZeusZissou","2017-08-28",200000
"ZeusZissou","2017-08-29",200000
"ZeusZissou","2017-08-30",200000
"ZeusZissou","2017-08-31",200000
"ZeusZissou","2017-09-01",200000
"ZeusZissou","2017-09-02",200000
"ZeusZissou","2017-09-03",200000
"ZeusZissou","2017-09-04",200000
"ZeusZissou","2017-09-05",200000
"ZeusZissou","2017-09-06",200000
"ZeusZissou","2017-09-07",200000
"ZeusZissou","2017-09-08",200000
"ZeusZissou","2017-09-09",200000
"ZeusZissou","2017-09-10",200000
"ZeusZissou","2017-09-11",200000
"ZeusZissou","2017-09-12",200000
"ZeusZissou","2017-09-13",200000
"ZeusZissou","2017-09-14",200000
"ZeusZissou","2017-09-15",200000
"ZeusZissou","2017-09-16",200000
"ZeusZissou","2017-09-17",200000
"ZeusZissou","2017-09-18",200000
"ZeusZissou","2017-09-19",200000
"ZeusZissou","2017-09-20",200000
"ZeusZissou","2017-09-21",200000
"ZeusZissou","2017-09-22",200000
"ZeusZissou","2017-09-23",200000
"ZeusZissou","2017-09-24",200000
"ZeusZissou","2017-09-25",200000
"ZeusZissou","2017-09-26",200000
"ZeusZissou","2017-09-27",200000
"ZeusZissou","2017-09-28",200000
"ZeusZissou","2017-09-29",200000
"ZeusZissou","2017-09-30",200000
"ZeusZissou","2017-10-01",200000
"ZeusZissou","2017-10-02",200000
"ZeusZissou","2017-10-03",200000
"ZeusZissou","2017-10-04",200000
"ZeusZissou","2017-10-05",200000
"ZeusZissou","2017-10-06",200000
"ZeusZissou","2017-10-07",200000
"ZeusZissou","2017-10-08",200000
"ZeusZissou","2017-10-09",200000
"ZeusZissou","2017-10-10",200000
"ZeusZissou","2017-10-11",200000
"ZeusZissou","2017-10-12",200000
"ZeusZissou","2017-10-13",200000
"ZeusZissou","2017-10-14",200000
"ZeusZissou","2017-10-15",200000
"ZeusZissou","2017-10-16",200000
"ZeusZissou","2017-10-17",200000
"ZeusZissou","2017-10-18",200000
"ZeusZissou","2017-10-19",200000
"ZeusZissou","2017-10-20",200000
"ZeusZissou","2017-10-21",200000
"ZeusZissou","2017-10-22",200000
"ZeusZissou","2017-10-23",200000
"ZeusZissou","2017-10-24",200000
"ZeusZissou","2017-10-25",200000
"ZeusZissou","2017-10-26",200000
"ZeusZissou","2017-10-27",200000
"ZeusZissou","2017-10-28",200000
"ZeusZissou","2017-10-29",200000
"ZeusZissou","2017-10-30",200000
"ZeusZissou","2017-10-31",200000
"ZeusZissou","2017-11-01",200000
"ZeusZissou","2017-11-02",200000
"ZeusZissou","2017-11-03",200000
"ZeusZissou","2017-11-04",200000
"ZeusZissou","2017-11-05",200000
"ZeusZissou","2017-11-06",200000
"ZeusZissou","2017-11-07",200000
"ZeusZissou","2017-11-08",199070.898336087
"ZeusZissou","2017-11-09",199028.033820024
"ZeusZissou","2017-11-10",198948.620847313
"ZeusZissou","2017-11-11",199304.280857583
"ZeusZissou","2017-11-12",200405.120398314
"ZeusZissou","2017-11-13",200416.477994441
"ZeusZissou","2017-11-14",200549.886421039
"ZeusZissou","2017-11-15",200861.644585001
"ZeusZissou","2017-11-16",201018.001708522
"ZeusZissou","2017-11-17",201029.974011315
"ZeusZissou","2017-11-18",201183.646250241
"ZeusZissou","2017-11-19",201301.528829211
"ZeusZissou","2017-11-20",201463.917105143
"ZeusZissou","2017-11-21",201240.663707078
"ZeusZissou","2017-11-22",201596.637878897
"ZeusZissou","2017-11-23",203484.355766435
"ZeusZissou","2017-11-24",206444.721103007
"ZeusZissou","2017-11-25",206244.227497828
"ZeusZissou","2017-11-26",205944.765825201
"ZeusZissou","2017-11-27",206639.598219805
"ZeusZissou","2017-11-28",210122.71529984
"ZeusZissou","2017-11-29",209734.401803683
"ZeusZissou","2017-11-30",210328.447968286
"ZeusZissou","2017-12-01",211516.146056778
"ZeusZissou","2017-12-02",210497.910902959
"ZeusZissou","2017-12-03",210660.932593522
"ZeusZissou","2017-12-04",212649.617206807
"ZeusZissou","2017-12-05",212902.428854842
"ZeusZissou","2017-12-06",215748.0610877
"ZeusZissou","2017-12-07",218278.798604166
"ZeusZissou","2017-12-08",217113.76873558
"ZeusZissou","2017-12-09",216270.322769934
"ZeusZissou","2017-12-10",217123.143764126
"ZeusZissou","2017-12-11",221353.328375454
"ZeusZissou","2017-12-12",221596.569641233
"ZeusZissou","2017-12-13",220253.719556567
"ZeusZissou","2017-12-14",222161.158923402
"ZeusZissou","2017-12-15",224565.154776124
"ZeusZissou","2017-12-16",229307.060565716
"ZeusZissou","2017-12-17",229121.509691949
"ZeusZissou","2017-12-18",229977.050673844
"ZeusZissou","2017-12-19",350772.525169629
"ZeusZissou","2017-12-20",345735.951292802
"ZeusZissou","2017-12-21",341340.489264818
"ZeusZissou","2017-12-22",330880.85492065
"ZeusZissou","2017-12-23",341036.278301667
"ZeusZissou","2017-12-24",321544.150888412
"ZeusZissou","2017-12-25",321433.064444426
"ZeusZissou","2017-12-26",380754.98353891
"ZeusZissou","2017-12-27",388551.240845838
"ZeusZissou","2017-12-28",384208.777776881
"ZeusZissou","2017-12-29",476491.91175508
"ZeusZissou","2017-12-30",403305.262122265
"ZeusZissou","2017-12-31",443010.294424972
"ZeusZissou","2018-01-01",444334.328162187
"ZeusZissou","2018-01-02",453152.588039829
"ZeusZissou","2018-01-03",407032.070094161
"ZeusZissou","2018-01-04",408505.397797455
"ZeusZissou","2018-01-05",401746.261592767
"ZeusZissou","2018-01-06",435004.462697644
"ZeusZissou","2018-01-07",412437.115282693
"ZeusZissou","2018-01-08",405695.192244519
"ZeusZissou","2018-01-09",422108.08341088
"ZeusZissou","2018-01-10",407407.204730734
"ZeusZissou","2018-01-11",378264.922469168
"ZeusZissou","2018-01-12",401928.255344029
"ZeusZissou","2018-01-13",401869.395539887
"ZeusZissou","2018-01-14",381981.666778534
"ZeusZissou","2018-01-15",364018.683751479
"ZeusZissou","2018-01-16",263218.482895561
"ZeusZissou","2018-01-17",271636.240927936
"ZeusZissou","2018-01-18",276897.463103561
"ZeusZissou","2018-01-19",278108.341992145
"ZeusZissou","2018-01-20",287131.527224591
"ZeusZissou","2018-01-21",268377.347170141
"ZeusZissou","2018-01-22",263245.965473628
"ZeusZissou","2018-01-23",261316.587457042
"ZeusZissou","2018-01-24",269810.302610584
"ZeusZissou","2018-01-25",268624.416082636
"ZeusZissou","2018-01-26",265588.010927568
"ZeusZissou","2018-01-27",270912.833322647
"ZeusZissou","2018-01-28",277545.413669589
"ZeusZissou","2018-01-29",273210.70260852
"ZeusZissou","2018-01-30",256453.624823907
"ZeusZissou","2018-01-31",259876.514732761
"ZeusZissou","2018-02-01",244175.589801971
"ZeusZissou","2018-02-02",236356.822715017
"ZeusZissou","2018-02-03",243015.365201445
