,full_test_accs,full_test_null_accs,full_train_accs,full_train_null_accs,test_true_c0_pred_c0,test_true_c0_pred_c1,test_true_c0_pred_c2,test_true_c1_pred_c0,test_true_c1_pred_c1,test_true_c1_pred_c2,test_true_c2_pred_c0,test_true_c2_pred_c1,test_true_c2_pred_c2,train_true_c0_pred_c0,train_true_c0_pred_c1,train_true_c0_pred_c2,train_true_c1_pred_c0,train_true_c1_pred_c1,train_true_c1_pred_c2,train_true_c2_pred_c0,train_true_c2_pred_c1,train_true_c2_pred_c2
iter1_cv_split1,0.8024691358024691,0.6172839506172839,0.9711538461538461,0.625,21,0,0,4,42,4,3,5,2,78,0,0,1,192,2,1,5,33
iter1_cv_split2,0.6153846153846154,0.6153846153846154,0.9523809523809523,0.6253968253968254,9,11,0,7,37,4,3,5,2,79,0,0,4,190,3,2,6,31
iter1_cv_split3,0.6282051282051282,0.6282051282051282,0.9682539682539683,0.6222222222222222,4,7,8,2,43,4,0,8,2,80,0,0,3,192,1,1,5,33
iter1_cv_split4,0.6538461538461539,0.6282051282051282,0.9555555555555556,0.6222222222222222,6,13,0,3,43,3,0,8,2,78,2,0,6,189,1,0,5,34
iter1_cv_split5,0.5128205128205128,0.6282051282051282,0.9587301587301588,0.6222222222222222,0,10,10,8,38,3,2,5,2,76,3,0,4,192,0,0,6,34
iter2_cv_split1,0.5308641975308642,0.6172839506172839,0.9487179487179487,0.625,0,16,5,8,39,3,3,3,4,78,0,0,6,185,4,0,6,33
iter2_cv_split2,0.7307692307692307,0.6153846153846154,0.9523809523809523,0.6253968253968254,14,6,0,1,42,5,1,8,1,79,0,0,4,191,2,2,7,30
iter2_cv_split3,0.6923076923076923,0.6282051282051282,0.9492063492063492,0.6222222222222222,11,8,0,9,40,0,2,5,3,80,0,0,6,190,0,2,8,29
iter2_cv_split4,0.6923076923076923,0.6282051282051282,0.9555555555555556,0.6222222222222222,9,0,10,8,41,0,2,4,4,80,0,0,6,189,1,0,7,32
iter2_cv_split5,0.5384615384615384,0.6282051282051282,0.9396825396825397,0.6222222222222222,7,13,0,8,34,7,2,6,1,77,2,0,7,186,3,1,6,33
iter3_cv_split1,0.5061728395061729,0.6172839506172839,0.9647435897435898,0.625,0,14,7,5,39,6,1,7,2,74,4,0,3,190,2,0,2,37
iter3_cv_split2,0.8076923076923077,0.6153846153846154,0.946031746031746,0.6253968253968254,15,5,0,2,45,1,2,5,3,79,0,0,9,188,0,1,7,31
iter3_cv_split3,0.6666666666666666,0.6282051282051282,0.9523809523809523,0.6222222222222222,12,7,0,4,37,8,2,5,3,80,0,0,7,189,0,1,7,31
iter3_cv_split4,0.6410256410256411,0.6282051282051282,0.9587301587301588,0.6222222222222222,13,6,0,9,36,4,3,6,1,80,0,0,5,190,1,0,7,32
iter3_cv_split5,0.6153846153846154,0.6282051282051282,0.9555555555555556,0.6222222222222222,9,6,5,8,37,4,1,6,2,79,0,0,4,192,0,1,9,30
iter4_cv_split1,0.6419753086419753,0.6172839506172839,0.9583333333333334,0.625,6,15,0,0,45,5,1,8,1,78,0,0,8,187,0,1,4,34
iter4_cv_split2,0.7435897435897436,0.6153846153846154,0.9492063492063492,0.6253968253968254,9,9,2,3,44,1,1,4,5,79,0,0,7,189,1,2,6,31
iter4_cv_split3,0.5769230769230769,0.6282051282051282,0.9587301587301588,0.6222222222222222,9,10,0,10,36,3,1,9,0,80,0,0,4,192,0,1,8,30
iter4_cv_split4,0.7564102564102564,0.6282051282051282,0.9714285714285714,0.6222222222222222,15,4,0,4,43,2,1,8,1,80,0,0,2,193,1,1,5,33
iter4_cv_split5,0.7692307692307693,0.6282051282051282,0.9523809523809523,0.6222222222222222,17,3,0,3,42,4,4,4,1,79,0,0,8,186,2,1,4,35
iter5_cv_split1,0.654320987654321,0.6172839506172839,0.9583333333333334,0.625,11,5,5,7,41,2,1,8,1,78,0,0,5,190,0,1,7,31
iter5_cv_split2,0.6794871794871795,0.6153846153846154,0.9619047619047619,0.6253968253968254,10,10,0,6,40,2,1,6,3,79,0,0,2,194,1,1,8,30
iter5_cv_split3,0.7307692307692307,0.6282051282051282,0.9492063492063492,0.6222222222222222,12,7,0,3,42,4,2,5,3,77,3,0,5,190,1,3,4,32
iter5_cv_split4,0.7051282051282052,0.6282051282051282,0.9714285714285714,0.6222222222222222,13,6,0,3,41,5,2,7,1,80,0,0,3,192,1,0,5,34
iter5_cv_split5,0.5897435897435898,0.6282051282051282,0.9714285714285714,0.6222222222222222,9,5,6,8,35,6,2,5,2,79,0,0,2,193,1,1,5,34
iter6_cv_split1,0.5802469135802469,0.6172839506172839,0.9615384615384616,0.625,3,10,8,3,41,6,2,5,3,78,0,0,3,191,1,1,7,31
iter6_cv_split2,0.7435897435897436,0.6153846153846154,0.9587301587301588,0.6253968253968254,15,5,0,4,40,4,2,5,3,77,2,0,2,191,4,2,3,34
iter6_cv_split3,0.717948717948718,0.6282051282051282,0.9587301587301588,0.6222222222222222,9,10,0,4,45,0,2,6,2,80,0,0,5,190,1,0,7,32
iter6_cv_split4,0.7051282051282052,0.6282051282051282,0.9555555555555556,0.6222222222222222,11,8,0,8,41,0,0,7,3,78,2,0,5,191,0,1,6,32
iter6_cv_split5,0.5256410256410257,0.6282051282051282,0.946031746031746,0.6222222222222222,0,14,6,7,37,5,2,3,4,77,2,0,7,188,1,1,6,33
iter7_cv_split1,0.654320987654321,0.6172839506172839,0.9615384615384616,0.625,14,0,7,10,38,2,2,7,1,78,0,0,6,188,1,0,5,34
iter7_cv_split2,0.6282051282051282,0.6153846153846154,0.9682539682539683,0.6253968253968254,8,12,0,5,40,3,1,8,1,79,0,0,2,194,1,2,5,32
iter7_cv_split3,0.6666666666666666,0.6282051282051282,0.9587301587301588,0.6222222222222222,8,11,0,1,42,6,3,5,2,80,0,0,5,191,0,3,5,31
iter7_cv_split4,0.6666666666666666,0.6282051282051282,0.9650793650793651,0.6222222222222222,9,10,0,6,40,3,0,7,3,80,0,0,3,192,1,1,6,32
iter7_cv_split5,0.5384615384615384,0.6282051282051282,0.9650793650793651,0.6222222222222222,6,10,4,12,34,3,3,4,2,79,0,0,3,190,3,0,5,35
iter8_cv_split1,0.5555555555555556,0.6172839506172839,0.9615384615384616,0.625,5,5,11,3,40,7,0,10,0,78,0,0,2,190,3,1,6,32
iter8_cv_split2,0.7564102564102564,0.6153846153846154,0.9650793650793651,0.6253968253968254,10,10,0,1,47,0,3,5,2,79,0,0,5,192,0,1,5,33
iter8_cv_split3,0.5512820512820513,0.6282051282051282,0.9714285714285714,0.6222222222222222,4,15,0,8,35,6,1,5,4,80,0,0,2,193,1,1,5,33
iter8_cv_split4,0.7692307692307693,0.6282051282051282,0.9587301587301588,0.6222222222222222,15,4,0,3,43,3,2,6,2,80,0,0,5,188,3,1,4,34
iter8_cv_split5,0.5512820512820513,0.6282051282051282,0.9523809523809523,0.6222222222222222,10,10,0,8,31,10,3,4,2,79,0,0,7,188,1,0,7,33
iter9_cv_split1,0.7160493827160493,0.6172839506172839,0.9487179487179487,0.625,10,11,0,1,46,3,3,5,2,78,0,0,7,185,3,2,4,33
iter9_cv_split2,0.6794871794871795,0.6153846153846154,0.9523809523809523,0.6253968253968254,9,11,0,6,40,2,0,6,4,79,0,0,9,188,0,1,5,33
iter9_cv_split3,0.6538461538461539,0.6282051282051282,0.9619047619047619,0.6222222222222222,6,5,8,5,44,0,0,9,1,80,0,0,6,190,0,2,4,33
iter9_cv_split4,0.5641025641025641,0.6282051282051282,0.9682539682539683,0.6222222222222222,6,13,0,6,36,7,3,5,2,80,0,0,1,195,0,0,9,30
iter9_cv_split5,0.6538461538461539,0.6282051282051282,0.9650793650793651,0.6222222222222222,12,8,0,2,37,10,1,6,2,79,0,0,2,193,1,1,7,32
iter10_cv_split1,0.6666666666666666,0.6172839506172839,0.9775641025641025,0.625,11,10,0,7,40,3,0,7,3,78,0,0,3,191,1,1,2,36
iter10_cv_split2,0.6794871794871795,0.6153846153846154,0.9555555555555556,0.6253968253968254,10,10,0,3,39,6,2,4,4,79,0,0,4,192,1,2,7,30
iter10_cv_split3,0.6282051282051282,0.6282051282051282,0.946031746031746,0.6222222222222222,5,7,7,3,43,3,0,9,1,80,0,0,6,186,4,2,5,32
iter10_cv_split4,0.7692307692307693,0.6282051282051282,0.9492063492063492,0.6222222222222222,12,7,0,3,46,0,2,6,2,80,0,0,6,189,1,0,9,30
iter10_cv_split5,0.6794871794871795,0.6282051282051282,0.9555555555555556,0.6222222222222222,12,8,0,8,39,2,1,6,2,79,0,0,3,190,3,0,8,32
iter11_cv_split1,0.7407407407407407,0.6172839506172839,0.967948717948718,0.625,15,6,0,3,44,3,2,7,1,78,0,0,4,190,1,2,3,34
iter11_cv_split2,0.5769230769230769,0.6153846153846154,0.9587301587301588,0.6253968253968254,9,11,0,9,35,4,3,6,1,79,0,0,5,190,2,1,5,33
iter11_cv_split3,0.6153846153846154,0.6282051282051282,0.9650793650793651,0.6222222222222222,6,13,0,10,37,2,1,4,5,80,0,0,3,191,2,1,5,33
iter11_cv_split4,0.8076923076923077,0.6282051282051282,0.9492063492063492,0.6222222222222222,19,0,0,1,42,6,1,7,2,80,0,0,7,187,2,0,7,32
iter11_cv_split5,0.5897435897435898,0.6282051282051282,0.9492063492063492,0.6222222222222222,0,14,6,5,42,2,1,4,4,79,0,0,5,190,1,2,8,30
iter12_cv_split1,0.654320987654321,0.6172839506172839,0.9583333333333334,0.625,7,8,6,3,42,5,0,6,4,78,0,0,6,187,2,0,5,34
iter12_cv_split2,0.7307692307692307,0.6153846153846154,0.9619047619047619,0.6253968253968254,16,4,0,5,38,5,2,5,3,79,0,0,5,190,2,1,4,34
iter12_cv_split3,0.5769230769230769,0.6282051282051282,0.9587301587301588,0.6222222222222222,0,19,0,5,43,1,4,4,2,80,0,0,4,190,2,2,5,32
iter12_cv_split4,0.8461538461538461,0.6282051282051282,0.9746031746031746,0.6222222222222222,19,0,0,2,45,2,1,7,2,80,0,0,1,194,1,1,5,33
iter12_cv_split5,0.6410256410256411,0.6282051282051282,0.9523809523809523,0.6222222222222222,7,13,0,6,39,4,1,4,4,79,0,0,7,189,0,1,7,32
iter13_cv_split1,0.7283950617283951,0.6172839506172839,0.9551282051282052,0.625,15,6,0,3,43,4,0,9,1,78,0,0,6,189,0,1,7,31
iter13_cv_split2,0.6923076923076923,0.6153846153846154,0.9650793650793651,0.6253968253968254,14,6,0,12,36,0,1,5,4,79,0,0,3,192,2,2,4,33
iter13_cv_split3,0.6538461538461539,0.6282051282051282,0.9650793650793651,0.6222222222222222,8,5,6,2,39,8,0,6,4,80,0,0,8,188,0,1,2,36
iter13_cv_split4,0.5512820512820513,0.6282051282051282,0.9587301587301588,0.6222222222222222,0,12,7,2,39,8,1,5,4,80,0,0,1,191,4,0,8,31
iter13_cv_split5,0.6923076923076923,0.6282051282051282,0.9396825396825397,0.6222222222222222,6,14,0,2,45,2,3,3,3,79,0,0,8,185,3,0,8,32
iter14_cv_split1,0.6296296296296297,0.6172839506172839,0.9615384615384616,0.625,5,16,0,6,44,0,3,5,2,78,0,0,4,190,1,0,7,32
iter14_cv_split2,0.5897435897435898,0.6153846153846154,0.9777777777777777,0.6253968253968254,7,6,7,5,38,5,1,8,1,79,0,0,1,195,1,0,5,34
iter14_cv_split3,0.6794871794871795,0.6282051282051282,0.9555555555555556,0.6222222222222222,10,6,3,7,41,1,2,6,2,80,0,0,3,192,1,2,8,29
iter14_cv_split4,0.7435897435897436,0.6282051282051282,0.9619047619047619,0.6222222222222222,12,7,0,3,43,3,2,5,3,80,0,0,6,189,1,1,4,34
iter14_cv_split5,0.6666666666666666,0.6282051282051282,0.9555555555555556,0.6222222222222222,8,5,7,5,43,1,1,7,1,79,0,0,10,186,0,1,3,36
iter15_cv_split1,0.6049382716049383,0.6172839506172839,0.9615384615384616,0.625,2,13,6,2,44,4,2,5,3,78,0,0,5,188,2,1,4,34
iter15_cv_split2,0.5769230769230769,0.6153846153846154,0.9650793650793651,0.6253968253968254,0,11,9,3,43,2,2,6,2,79,0,0,5,190,2,0,4,35
iter15_cv_split3,0.6666666666666666,0.6282051282051282,0.9492063492063492,0.6222222222222222,10,9,0,7,40,2,3,5,2,80,0,0,5,189,2,2,7,30
iter15_cv_split4,0.6923076923076923,0.6282051282051282,0.9619047619047619,0.6222222222222222,11,8,0,6,39,4,0,6,4,80,0,0,4,190,2,0,6,33
iter15_cv_split5,0.6153846153846154,0.6282051282051282,0.9650793650793651,0.6222222222222222,12,8,0,9,34,6,1,6,2,79,0,0,4,191,1,0,6,34
iter16_cv_split1,0.5555555555555556,0.6172839506172839,0.9583333333333334,0.625,9,12,0,10,35,5,4,5,1,78,0,0,6,188,1,1,5,33
iter16_cv_split2,0.7948717948717948,0.6153846153846154,0.9587301587301588,0.6253968253968254,15,5,0,2,45,1,2,6,2,79,0,0,4,190,3,2,4,33
iter16_cv_split3,0.6666666666666666,0.6282051282051282,0.9523809523809523,0.6222222222222222,5,8,6,7,42,0,1,4,5,80,0,0,6,188,2,2,5,32
iter16_cv_split4,0.7051282051282052,0.6282051282051282,0.9619047619047619,0.6222222222222222,10,9,0,5,43,1,0,8,2,80,0,0,5,191,0,1,6,32
iter16_cv_split5,0.5,0.6282051282051282,0.9555555555555556,0.6222222222222222,5,15,0,1,33,15,1,7,1,79,0,0,5,190,1,2,6,32
iter17_cv_split1,0.5555555555555556,0.6172839506172839,0.967948717948718,0.625,9,12,0,8,34,8,3,5,2,78,0,0,3,191,1,1,5,33
iter17_cv_split2,0.6410256410256411,0.6153846153846154,0.9555555555555556,0.6253968253968254,5,9,6,4,41,3,1,5,4,79,0,0,3,191,3,1,7,31
iter17_cv_split3,0.6410256410256411,0.6282051282051282,0.9555555555555556,0.6222222222222222,4,15,0,2,41,6,0,5,5,80,0,0,3,190,3,1,7,31
iter17_cv_split4,0.5897435897435898,0.6282051282051282,0.9619047619047619,0.6222222222222222,4,15,0,7,39,3,2,5,3,80,0,0,5,190,1,2,4,33
iter17_cv_split5,0.7051282051282052,0.6282051282051282,0.9492063492063492,0.6222222222222222,11,9,0,7,42,0,2,5,2,79,0,0,5,189,2,1,8,31
iter18_cv_split1,0.48148148148148145,0.6172839506172839,0.9583333333333334,0.625,0,13,8,3,36,11,2,5,3,78,0,0,3,189,3,2,5,32
iter18_cv_split2,0.6538461538461539,0.6153846153846154,0.9523809523809523,0.6253968253968254,15,5,0,13,35,0,2,7,1,79,0,0,6,190,1,2,6,31
iter18_cv_split3,0.7307692307692307,0.6282051282051282,0.9492063492063492,0.6222222222222222,6,7,6,1,48,0,1,6,3,77,3,0,5,191,0,1,7,31
iter18_cv_split4,0.7051282051282052,0.6282051282051282,0.9555555555555556,0.6222222222222222,12,7,0,7,41,1,0,8,2,80,0,0,7,187,2,1,4,34
iter18_cv_split5,0.6923076923076923,0.6282051282051282,0.9555555555555556,0.6222222222222222,12,8,0,5,38,6,1,4,4,79,0,0,6,188,2,0,6,34
iter19_cv_split1,0.6419753086419753,0.6172839506172839,0.9487179487179487,0.625,4,12,5,0,47,3,2,7,1,76,2,0,6,189,0,1,7,31
iter19_cv_split2,0.7692307692307693,0.6153846153846154,0.9523809523809523,0.6253968253968254,13,7,0,3,42,3,1,4,5,79,0,0,7,190,0,2,6,31
iter19_cv_split3,0.5,0.6282051282051282,0.9714285714285714,0.6222222222222222,5,14,0,5,33,11,2,7,1,80,0,0,4,192,0,0,5,34
iter19_cv_split4,0.6025641025641025,0.6282051282051282,0.9523809523809523,0.6222222222222222,6,13,0,8,40,1,2,7,1,80,0,0,5,190,1,2,7,30
iter19_cv_split5,0.7564102564102564,0.6282051282051282,0.9587301587301588,0.6222222222222222,14,6,0,6,42,1,0,6,3,79,0,0,1,193,2,2,8,30
iter20_cv_split1,0.7283950617283951,0.6172839506172839,0.9647435897435898,0.625,10,11,0,3,47,0,3,5,2,78,0,0,5,190,0,1,5,33
iter20_cv_split2,0.6410256410256411,0.6153846153846154,0.9714285714285714,0.6253968253968254,5,15,0,5,41,2,1,5,4,79,0,0,2,195,0,0,7,32
iter20_cv_split3,0.6666666666666666,0.6282051282051282,0.9555555555555556,0.6222222222222222,8,11,0,6,42,1,2,6,2,80,0,0,3,191,2,1,8,30
iter20_cv_split4,0.7307692307692307,0.6282051282051282,0.946031746031746,0.6222222222222222,12,7,0,2,45,2,2,8,0,80,0,0,5,190,1,3,8,28
iter20_cv_split5,0.6794871794871795,0.6282051282051282,0.9492063492063492,0.6222222222222222,13,0,7,4,38,7,0,7,2,79,0,0,8,188,0,1,7,32
iter21_cv_split1,0.9012345679012346,0.6172839506172839,0.9487179487179487,0.625,21,0,0,1,46,3,1,3,6,78,0,0,8,187,0,0,8,31
iter21_cv_split2,0.7051282051282052,0.6153846153846154,0.946031746031746,0.6253968253968254,7,13,0,3,45,0,1,6,3,79,0,0,4,191,2,2,9,28
iter21_cv_split3,0.6282051282051282,0.6282051282051282,0.9777777777777777,0.6222222222222222,6,13,0,6,40,3,1,6,3,80,0,0,2,193,1,1,3,35
iter21_cv_split4,0.5769230769230769,0.6282051282051282,0.9650793650793651,0.6222222222222222,6,13,0,8,37,4,2,6,2,80,0,0,6,188,2,0,3,36
iter21_cv_split5,0.6153846153846154,0.6282051282051282,0.946031746031746,0.6222222222222222,8,9,3,7,37,5,0,6,3,79,0,0,8,186,2,2,5,33
iter22_cv_split1,0.691358024691358,0.6172839506172839,0.9615384615384616,0.625,10,11,0,5,43,2,1,6,3,78,0,0,5,189,1,1,5,33
iter22_cv_split2,0.6282051282051282,0.6153846153846154,0.9650793650793651,0.6253968253968254,5,15,0,2,41,5,1,6,3,79,0,0,3,193,1,1,6,32
iter22_cv_split3,0.5769230769230769,0.6282051282051282,0.9492063492063492,0.6222222222222222,9,10,0,11,35,3,3,6,1,80,0,0,10,186,0,1,5,33
iter22_cv_split4,0.6282051282051282,0.6282051282051282,0.9650793650793651,0.6222222222222222,14,0,5,12,31,6,0,6,4,80,0,0,3,192,1,2,5,32
iter22_cv_split5,0.717948717948718,0.6282051282051282,0.9682539682539683,0.6222222222222222,15,5,0,5,39,5,1,6,2,79,0,0,4,192,0,1,5,34
iter23_cv_split1,0.7160493827160493,0.6172839506172839,0.9615384615384616,0.625,13,8,0,3,42,5,1,6,3,78,0,0,1,191,3,2,6,31
iter23_cv_split2,0.7435897435897436,0.6153846153846154,0.9492063492063492,0.6253968253968254,15,5,0,5,40,3,1,6,3,79,0,0,6,191,0,1,9,29
iter23_cv_split3,0.5,0.6282051282051282,0.9714285714285714,0.6222222222222222,0,19,0,8,35,6,1,5,4,80,0,0,4,192,0,1,4,34
iter23_cv_split4,0.6153846153846154,0.6282051282051282,0.9523809523809523,0.6222222222222222,0,14,5,1,44,4,0,6,4,80,0,0,4,189,3,2,6,31
iter23_cv_split5,0.6923076923076923,0.6282051282051282,0.9396825396825397,0.6222222222222222,10,10,0,0,42,7,0,7,2,79,0,0,10,183,3,0,6,34
iter24_cv_split1,0.6790123456790124,0.6172839506172839,0.9647435897435898,0.625,11,10,0,8,41,1,0,7,3,78,0,0,2,192,1,1,7,31
iter24_cv_split2,0.7051282051282052,0.6153846153846154,0.9523809523809523,0.6253968253968254,8,12,0,1,44,3,4,3,3,76,3,0,6,190,1,0,5,34
iter24_cv_split3,0.7051282051282052,0.6282051282051282,0.9555555555555556,0.6222222222222222,13,6,0,5,42,2,2,8,0,80,0,0,8,187,1,1,4,34
iter24_cv_split4,0.6025641025641025,0.6282051282051282,0.9650793650793651,0.6222222222222222,11,8,0,8,31,10,1,4,5,80,0,0,2,191,3,1,5,33
iter24_cv_split5,0.48717948717948717,0.6282051282051282,0.9650793650793651,0.6222222222222222,0,15,5,7,37,5,1,7,1,79,0,0,6,190,0,0,5,35
iter25_cv_split1,0.5185185185185185,0.6172839506172839,0.9647435897435898,0.625,9,12,0,12,30,8,3,4,3,78,0,0,5,188,2,1,3,35
iter25_cv_split2,0.6666666666666666,0.6153846153846154,0.9301587301587302,0.6253968253968254,5,15,0,3,44,1,4,3,3,79,0,0,8,186,3,1,10,28
iter25_cv_split3,0.7307692307692307,0.6282051282051282,0.9555555555555556,0.6222222222222222,12,7,0,3,44,2,1,8,1,78,2,0,5,191,0,1,6,32
iter25_cv_split4,0.7692307692307693,0.6282051282051282,0.9523809523809523,0.6222222222222222,12,0,7,3,46,0,0,8,2,80,0,0,7,188,1,2,5,32
iter25_cv_split5,0.717948717948718,0.6282051282051282,0.9555555555555556,0.6222222222222222,12,0,8,5,41,3,0,6,3,79,0,0,4,189,3,1,6,33
iter26_cv_split1,0.5555555555555556,0.6172839506172839,0.9583333333333334,0.625,10,11,0,17,33,0,3,5,2,78,0,0,3,190,2,1,7,31
iter26_cv_split2,0.6282051282051282,0.6153846153846154,0.9587301587301588,0.6253968253968254,5,15,0,6,40,2,1,5,4,78,0,1,4,191,2,1,5,33
iter26_cv_split3,0.5641025641025641,0.6282051282051282,0.9746031746031746,0.6222222222222222,4,15,0,11,36,2,0,6,4,80,0,0,1,194,1,1,5,33
iter26_cv_split4,0.6282051282051282,0.6282051282051282,0.9619047619047619,0.6222222222222222,0,13,6,1,45,3,0,6,4,80,0,0,4,190,2,0,6,33
iter26_cv_split5,0.7435897435897436,0.6282051282051282,0.9587301587301588,0.6222222222222222,13,7,0,2,44,3,4,4,1,79,0,0,4,190,2,1,6,33
iter27_cv_split1,0.6296296296296297,0.6172839506172839,0.9775641025641025,0.625,7,14,0,7,42,1,1,7,2,78,0,0,1,194,0,2,4,33
iter27_cv_split2,0.6538461538461539,0.6153846153846154,0.9555555555555556,0.6253968253968254,10,8,2,7,38,3,1,6,3,79,0,0,7,188,2,0,5,34
iter27_cv_split3,0.6666666666666666,0.6282051282051282,0.9619047619047619,0.6222222222222222,13,6,0,8,37,4,2,6,2,80,0,0,4,190,2,1,5,33
iter27_cv_split4,0.7307692307692307,0.6282051282051282,0.9650793650793651,0.6222222222222222,5,14,0,1,48,0,3,3,4,80,0,0,3,193,0,0,8,31
iter27_cv_split5,0.5897435897435898,0.6282051282051282,0.946031746031746,0.6222222222222222,6,14,0,5,38,6,4,3,2,79,0,0,8,185,3,2,4,34
iter28_cv_split1,0.5802469135802469,0.6172839506172839,0.9583333333333334,0.625,12,9,0,7,35,8,4,6,0,78,0,0,6,188,1,0,6,33
iter28_cv_split2,0.6025641025641025,0.6153846153846154,0.9555555555555556,0.6253968253968254,4,10,6,5,39,4,3,3,4,79,0,0,7,189,1,0,6,33
iter28_cv_split3,0.8076923076923077,0.6282051282051282,0.9428571428571428,0.6222222222222222,14,5,0,1,46,2,1,6,3,80,0,0,9,184,3,2,4,33
iter28_cv_split4,0.6025641025641025,0.6282051282051282,0.9587301587301588,0.6222222222222222,6,7,6,6,38,5,0,7,3,80,0,0,3,191,2,1,7,31
iter28_cv_split5,0.5128205128205128,0.6282051282051282,0.9619047619047619,0.6222222222222222,0,12,8,12,37,0,0,6,3,79,0,0,4,192,0,1,7,32
iter29_cv_split1,0.5925925925925926,0.6172839506172839,0.9551282051282052,0.625,4,17,0,5,42,3,1,7,2,78,0,0,7,185,3,1,3,35
iter29_cv_split2,0.7051282051282052,0.6153846153846154,0.9587301587301588,0.6253968253968254,11,9,0,4,41,3,3,4,3,79,0,0,5,191,1,1,6,32
iter29_cv_split3,0.717948717948718,0.6282051282051282,0.9587301587301588,0.6222222222222222,12,7,0,8,41,0,2,5,3,80,0,0,6,189,1,1,5,33
iter29_cv_split4,0.6794871794871795,0.6282051282051282,0.946031746031746,0.6222222222222222,6,13,0,2,41,6,0,4,6,80,0,0,5,187,4,1,7,31
iter29_cv_split5,0.5128205128205128,0.6282051282051282,0.9682539682539683,0.6222222222222222,0,12,8,9,39,1,1,7,1,79,0,0,3,192,1,2,4,34
iter30_cv_split1,0.7160493827160493,0.6172839506172839,0.9647435897435898,0.625,12,4,5,4,43,3,0,7,3,78,0,0,2,190,3,1,5,33
iter30_cv_split2,0.6153846153846154,0.6153846153846154,0.9650793650793651,0.6253968253968254,13,7,0,10,34,4,3,6,1,79,0,0,3,192,2,1,5,33
iter30_cv_split3,0.6794871794871795,0.6282051282051282,0.9492063492063492,0.6222222222222222,14,0,5,8,37,4,2,6,2,80,0,0,6,189,1,2,7,30
iter30_cv_split4,0.47435897435897434,0.6282051282051282,0.9555555555555556,0.6222222222222222,6,13,0,16,29,4,1,7,2,80,0,0,5,189,2,1,6,32
iter30_cv_split5,0.7307692307692307,0.6282051282051282,0.9682539682539683,0.6222222222222222,13,7,0,0,42,7,2,5,2,79,0,0,3,191,2,1,4,35
iter31_cv_split1,0.7530864197530864,0.6172839506172839,0.9583333333333334,0.625,15,6,0,3,45,2,3,6,1,78,0,0,6,188,1,1,5,33
iter31_cv_split2,0.5641025641025641,0.6153846153846154,0.9714285714285714,0.6253968253968254,2,10,8,8,37,3,1,4,5,79,0,0,3,193,1,0,5,34
iter31_cv_split3,0.6666666666666666,0.6282051282051282,0.9650793650793651,0.6222222222222222,14,5,0,11,36,2,1,7,2,80,0,0,4,190,2,1,4,34
iter31_cv_split4,0.6153846153846154,0.6282051282051282,0.9396825396825397,0.6222222222222222,9,5,5,7,36,6,2,5,3,80,0,0,8,183,5,1,5,33
iter31_cv_split5,0.782051282051282,0.6282051282051282,0.9555555555555556,0.6222222222222222,12,8,0,1,47,1,2,5,2,79,0,0,4,191,1,2,7,31
iter32_cv_split1,0.5679012345679012,0.6172839506172839,0.9551282051282052,0.625,4,17,0,4,42,4,3,7,0,78,0,0,5,187,3,1,5,33
iter32_cv_split2,0.6923076923076923,0.6153846153846154,0.9777777777777777,0.6253968253968254,9,4,7,2,42,4,0,7,3,79,0,0,1,196,0,1,5,33
iter32_cv_split3,0.7435897435897436,0.6282051282051282,0.9682539682539683,0.6222222222222222,6,7,6,0,47,2,1,4,5,80,0,0,5,191,0,1,4,34
iter32_cv_split4,0.6666666666666666,0.6282051282051282,0.9587301587301588,0.6222222222222222,11,8,0,6,39,4,4,4,2,80,0,0,4,191,1,1,7,31
iter32_cv_split5,0.5384615384615384,0.6282051282051282,0.9492063492063492,0.6222222222222222,13,7,0,17,28,4,1,7,1,75,4,0,2,193,1,1,8,31
iter33_cv_split1,0.691358024691358,0.6172839506172839,0.9583333333333334,0.625,10,11,0,3,42,5,1,5,4,78,0,0,5,188,2,0,6,33
iter33_cv_split2,0.6794871794871795,0.6153846153846154,0.9714285714285714,0.6253968253968254,13,0,7,4,38,6,2,6,2,79,0,0,4,192,1,0,4,35
iter33_cv_split3,0.6025641025641025,0.6282051282051282,0.9714285714285714,0.6222222222222222,7,12,0,9,40,0,1,9,0,80,0,0,1,194,1,1,6,32
iter33_cv_split4,0.6410256410256411,0.6282051282051282,0.9492063492063492,0.6222222222222222,12,7,0,4,36,9,0,8,2,80,0,0,4,188,4,2,6,31
iter33_cv_split5,0.6538461538461539,0.6282051282051282,0.9523809523809523,0.6222222222222222,6,14,0,1,43,5,2,5,2,79,0,0,7,188,1,2,5,33
iter34_cv_split1,0.7777777777777778,0.6172839506172839,0.9647435897435898,0.625,16,5,0,4,45,1,1,7,2,78,0,0,2,192,1,1,7,31
iter34_cv_split2,0.7051282051282052,0.6153846153846154,0.9714285714285714,0.6253968253968254,13,3,4,8,39,1,2,5,3,79,0,0,1,194,2,1,5,33
iter34_cv_split3,0.5128205128205128,0.6282051282051282,0.9523809523809523,0.6222222222222222,0,19,0,3,38,8,2,6,2,80,0,0,8,188,0,1,6,32
iter34_cv_split4,0.6538461538461539,0.6282051282051282,0.9619047619047619,0.6222222222222222,8,11,0,2,40,7,1,6,3,80,0,0,8,188,0,1,3,35
iter34_cv_split5,0.7948717948717948,0.6282051282051282,0.9333333333333333,0.6222222222222222,20,0,0,10,39,0,0,6,3,76,3,0,8,187,1,1,8,31
iter35_cv_split1,0.7037037037037037,0.6172839506172839,0.9647435897435898,0.625,10,11,0,0,46,4,4,5,1,78,0,0,2,192,1,2,6,31
iter35_cv_split2,0.7564102564102564,0.6153846153846154,0.9555555555555556,0.6253968253968254,12,8,0,7,41,0,2,2,6,79,0,0,4,192,1,1,8,30
iter35_cv_split3,0.3974358974358974,0.6282051282051282,0.9619047619047619,0.6222222222222222,0,11,8,10,28,11,1,6,3,80,0,0,3,191,2,1,6,32
iter35_cv_split4,0.7948717948717948,0.6282051282051282,0.9428571428571428,0.6222222222222222,19,0,0,5,42,2,1,8,1,80,0,0,9,185,2,1,6,32
iter35_cv_split5,0.7307692307692307,0.6282051282051282,0.9619047619047619,0.6222222222222222,8,12,0,0,48,1,1,7,1,79,0,0,7,189,0,1,4,35
iter36_cv_split1,0.5061728395061729,0.6172839506172839,0.9583333333333334,0.625,8,7,6,12,31,7,1,7,2,78,0,0,3,190,2,0,8,31
iter36_cv_split2,0.7692307692307693,0.6153846153846154,0.9714285714285714,0.6253968253968254,12,8,0,0,46,2,2,6,2,79,0,0,4,192,1,0,4,35
iter36_cv_split3,0.7307692307692307,0.6282051282051282,0.9587301587301588,0.6222222222222222,11,8,0,2,43,4,1,6,3,80,0,0,3,191,2,2,6,31
iter36_cv_split4,0.6282051282051282,0.6282051282051282,0.9523809523809523,0.6222222222222222,8,11,0,6,40,3,1,8,1,80,0,0,7,188,1,1,6,32
iter36_cv_split5,0.717948717948718,0.6282051282051282,0.9523809523809523,0.6222222222222222,13,7,0,8,39,2,0,5,4,79,0,0,7,188,1,1,6,33
iter37_cv_split1,0.5061728395061729,0.6172839506172839,0.9647435897435898,0.625,7,8,6,8,33,9,2,7,1,78,0,0,5,187,3,0,3,36
iter37_cv_split2,0.6153846153846154,0.6153846153846154,0.9746031746031746,0.6253968253968254,4,10,6,4,40,4,0,6,4,79,0,0,0,195,2,1,5,33
iter37_cv_split3,0.7051282051282052,0.6282051282051282,0.9492063492063492,0.6222222222222222,5,14,0,2,47,0,0,7,3,80,0,0,5,190,1,1,9,29
iter37_cv_split4,0.5897435897435898,0.6282051282051282,0.9555555555555556,0.6222222222222222,6,13,0,7,40,2,4,6,0,80,0,0,3,191,2,2,7,30
iter37_cv_split5,0.8333333333333334,0.6282051282051282,0.9746031746031746,0.6222222222222222,20,0,0,4,42,3,1,5,3,79,0,0,2,193,1,0,5,35
iter38_cv_split1,0.691358024691358,0.6172839506172839,0.9583333333333334,0.625,13,8,0,9,40,1,1,6,3,78,0,0,4,190,1,1,7,31
iter38_cv_split2,0.5641025641025641,0.6153846153846154,0.9650793650793651,0.6253968253968254,3,17,0,4,40,4,1,8,1,79,0,0,5,191,1,1,4,34
iter38_cv_split3,0.9102564102564102,0.6282051282051282,0.9619047619047619,0.6222222222222222,19,0,0,1,48,0,1,5,4,80,0,0,3,191,2,0,7,32
iter38_cv_split4,0.6923076923076923,0.6282051282051282,0.9682539682539683,0.6222222222222222,9,0,10,1,42,6,1,6,3,80,0,0,3,192,1,1,5,33
iter38_cv_split5,0.5256410256410257,0.6282051282051282,0.9555555555555556,0.6222222222222222,0,20,0,4,39,6,3,4,2,79,0,0,6,189,1,0,7,33
iter39_cv_split1,0.6296296296296297,0.6172839506172839,0.9647435897435898,0.625,10,11,0,7,39,4,2,6,2,78,0,0,4,190,1,1,5,33
iter39_cv_split2,0.5897435897435898,0.6153846153846154,0.946031746031746,0.6253968253968254,13,7,0,9,30,9,1,6,3,76,3,0,7,188,2,1,4,34
iter39_cv_split3,0.6410256410256411,0.6282051282051282,0.9746031746031746,0.6222222222222222,3,16,0,0,45,4,2,6,2,80,0,0,3,192,1,1,3,35
iter39_cv_split4,0.717948717948718,0.6282051282051282,0.9492063492063492,0.6222222222222222,7,7,5,3,46,0,1,6,3,80,0,0,6,189,1,1,8,30
iter39_cv_split5,0.6794871794871795,0.6282051282051282,0.9650793650793651,0.6222222222222222,9,11,0,7,41,1,1,5,3,79,0,0,2,191,3,1,5,34
iter40_cv_split1,0.5308641975308642,0.6172839506172839,0.9519230769230769,0.625,4,17,0,10,34,6,1,4,5,78,0,0,5,189,1,1,8,30
iter40_cv_split2,0.48717948717948717,0.6153846153846154,0.9682539682539683,0.6253968253968254,1,19,0,7,34,7,2,5,3,79,0,0,3,193,1,1,5,33
iter40_cv_split3,0.782051282051282,0.6282051282051282,0.9650793650793651,0.6222222222222222,13,0,6,2,47,0,2,7,1,80,0,0,5,191,0,1,5,33
iter40_cv_split4,0.7564102564102564,0.6282051282051282,0.9714285714285714,0.6222222222222222,11,0,8,2,46,1,1,7,2,80,0,0,4,192,0,0,5,34
iter40_cv_split5,0.5641025641025641,0.6282051282051282,0.9428571428571428,0.6222222222222222,0,20,0,4,42,3,1,6,2,76,3,0,9,186,1,0,5,35
iter41_cv_split1,0.7037037037037037,0.6172839506172839,0.9487179487179487,0.625,6,10,5,3,47,0,1,5,4,78,0,0,9,186,0,1,6,32
iter41_cv_split2,0.6282051282051282,0.6153846153846154,0.9650793650793651,0.6253968253968254,4,16,0,5,43,0,1,7,2,79,0,0,5,191,1,0,5,34
iter41_cv_split3,0.717948717948718,0.6282051282051282,0.946031746031746,0.6222222222222222,13,6,0,6,39,4,2,4,4,80,0,0,8,186,2,1,6,32
iter41_cv_split4,0.6153846153846154,0.6282051282051282,0.9746031746031746,0.6222222222222222,8,5,6,6,36,7,0,6,4,80,0,0,2,194,0,0,6,33
iter41_cv_split5,0.8205128205128205,0.6282051282051282,0.9682539682539683,0.6222222222222222,20,0,0,6,41,2,1,5,3,79,0,0,2,194,0,1,7,32
iter42_cv_split1,0.6790123456790124,0.6172839506172839,0.9711538461538461,0.625,12,3,6,9,41,0,2,6,2,78,0,0,1,192,2,0,6,33
iter42_cv_split2,0.7692307692307693,0.6153846153846154,0.9619047619047619,0.6253968253968254,13,7,0,2,44,2,1,6,3,79,0,0,3,193,1,1,7,31
iter42_cv_split3,0.717948717948718,0.6282051282051282,0.9682539682539683,0.6222222222222222,11,0,8,4,41,4,0,6,4,80,0,0,4,191,1,1,4,34
iter42_cv_split4,0.5769230769230769,0.6282051282051282,0.9587301587301588,0.6222222222222222,7,12,0,9,37,3,3,6,1,80,0,0,7,188,1,0,5,34
iter42_cv_split5,0.47435897435897434,0.6282051282051282,0.9555555555555556,0.6222222222222222,4,16,0,12,31,6,0,7,2,79,0,0,6,189,1,1,6,33
iter43_cv_split1,0.5432098765432098,0.6172839506172839,0.9615384615384616,0.625,6,15,0,12,35,3,1,6,3,78,0,0,2,190,3,1,6,32
iter43_cv_split2,0.7564102564102564,0.6153846153846154,0.9492063492063492,0.6253968253968254,18,2,0,4,38,6,0,7,3,79,0,0,5,186,6,1,4,34
iter43_cv_split3,0.44871794871794873,0.6282051282051282,0.9587301587301588,0.6222222222222222,0,10,9,7,35,7,2,8,0,80,0,0,8,187,1,2,2,35
iter43_cv_split4,0.6538461538461539,0.6282051282051282,0.9587301587301588,0.6222222222222222,5,14,0,3,42,4,4,2,4,80,0,0,6,188,2,0,5,34
iter43_cv_split5,0.7692307692307693,0.6282051282051282,0.9555555555555556,0.6222222222222222,14,6,0,5,44,0,1,6,2,79,0,0,6,189,1,1,6,33
iter44_cv_split1,0.6172839506172839,0.6172839506172839,0.9583333333333334,0.625,13,2,6,6,36,8,3,6,1,78,0,0,4,188,3,1,5,33
iter44_cv_split2,0.5769230769230769,0.6153846153846154,0.9396825396825397,0.6253968253968254,6,14,0,9,36,3,3,4,3,77,2,0,4,190,3,1,9,29
iter44_cv_split3,0.7051282051282052,0.6282051282051282,0.9523809523809523,0.6222222222222222,10,9,0,3,42,4,3,4,3,80,0,0,8,186,2,1,4,34
iter44_cv_split4,0.6666666666666666,0.6282051282051282,0.9714285714285714,0.6222222222222222,12,7,0,8,38,3,1,7,2,80,0,0,3,192,1,2,3,34
iter44_cv_split5,0.5641025641025641,0.6282051282051282,0.9492063492063492,0.6222222222222222,6,14,0,10,36,3,0,7,2,79,0,0,9,187,0,2,5,33
iter45_cv_split1,0.5061728395061729,0.6172839506172839,0.9487179487179487,0.625,4,17,0,10,34,6,3,4,3,78,0,0,10,184,1,1,4,34
iter45_cv_split2,0.7051282051282052,0.6153846153846154,0.9555555555555556,0.6253968253968254,13,7,0,3,39,6,1,6,3,79,0,0,4,191,2,0,8,31
iter45_cv_split3,0.6410256410256411,0.6282051282051282,0.9746031746031746,0.6222222222222222,9,10,0,7,39,3,1,7,2,80,0,0,1,194,1,1,5,33
iter45_cv_split4,0.6923076923076923,0.6282051282051282,0.9492063492063492,0.6222222222222222,9,10,0,3,42,4,1,6,3,80,0,0,7,187,2,2,5,32
iter45_cv_split5,0.7692307692307693,0.6282051282051282,0.9492063492063492,0.6222222222222222,13,0,7,3,44,2,1,5,3,79,0,0,7,188,1,1,7,32
iter46_cv_split1,0.6666666666666666,0.6172839506172839,0.9647435897435898,0.625,11,4,6,2,41,7,0,8,2,78,0,0,2,188,5,0,4,35
iter46_cv_split2,0.5769230769230769,0.6153846153846154,0.9555555555555556,0.6253968253968254,7,13,0,8,36,4,1,7,2,79,0,0,5,191,1,2,6,31
iter46_cv_split3,0.5897435897435898,0.6282051282051282,0.9492063492063492,0.6222222222222222,7,12,0,12,36,1,1,6,3,80,0,0,8,187,1,2,5,32
iter46_cv_split4,0.7564102564102564,0.6282051282051282,0.9555555555555556,0.6222222222222222,14,5,0,3,43,3,2,6,2,80,0,0,4,190,2,1,7,31
iter46_cv_split5,0.7435897435897436,0.6282051282051282,0.9682539682539683,0.6222222222222222,11,9,0,4,45,0,0,7,2,79,0,0,4,192,0,1,5,34
iter47_cv_split1,0.654320987654321,0.6172839506172839,0.9647435897435898,0.625,8,13,0,3,43,4,1,7,2,78,0,0,3,190,2,0,6,33
iter47_cv_split2,0.6025641025641025,0.6153846153846154,0.9746031746031746,0.6253968253968254,10,6,4,0,33,15,1,5,4,79,0,0,3,193,1,1,3,35
iter47_cv_split3,0.5641025641025641,0.6282051282051282,0.9650793650793651,0.6222222222222222,15,4,0,20,26,3,3,4,3,80,0,0,3,191,2,2,4,33
iter47_cv_split4,0.7051282051282052,0.6282051282051282,0.9555555555555556,0.6222222222222222,5,14,0,0,48,1,2,6,2,80,0,0,6,188,2,2,4,33
iter47_cv_split5,0.6538461538461539,0.6282051282051282,0.9714285714285714,0.6222222222222222,6,4,10,4,43,2,1,6,2,79,0,0,1,195,0,2,6,32
iter48_cv_split1,0.7037037037037037,0.6172839506172839,0.967948717948718,0.625,16,5,0,11,39,0,1,7,2,78,0,0,3,191,1,1,5,33
iter48_cv_split2,0.7051282051282052,0.6153846153846154,0.9619047619047619,0.6253968253968254,7,11,2,3,45,0,0,7,3,79,0,0,3,192,2,1,6,32
iter48_cv_split3,0.6282051282051282,0.6282051282051282,0.9587301587301588,0.6222222222222222,12,7,0,6,36,7,3,6,1,80,0,0,6,190,0,2,5,32
iter48_cv_split4,0.6666666666666666,0.6282051282051282,0.9746031746031746,0.6222222222222222,7,6,6,3,43,3,1,7,2,80,0,0,1,194,1,2,4,33
iter48_cv_split5,0.6410256410256411,0.6282051282051282,0.9841269841269841,0.6222222222222222,6,14,0,5,42,2,2,5,2,79,0,0,1,195,0,1,3,36
iter49_cv_split1,0.654320987654321,0.6172839506172839,0.9551282051282052,0.625,11,10,0,6,40,4,3,5,2,78,0,0,6,187,2,2,4,33
iter49_cv_split2,0.5897435897435898,0.6153846153846154,0.9555555555555556,0.6253968253968254,4,4,12,7,39,2,0,7,3,79,0,0,4,191,2,1,7,31
iter49_cv_split3,0.717948717948718,0.6282051282051282,0.9587301587301588,0.6222222222222222,9,10,0,3,44,2,1,6,3,80,0,0,6,190,0,2,5,32
iter49_cv_split4,0.717948717948718,0.6282051282051282,0.9714285714285714,0.6222222222222222,14,5,0,6,41,2,1,8,1,80,0,0,1,193,2,1,5,33
iter49_cv_split5,0.6794871794871795,0.6282051282051282,0.9492063492063492,0.6222222222222222,14,6,0,7,38,4,4,4,1,79,0,0,7,186,3,0,6,34
iter50_cv_split1,0.5432098765432098,0.6172839506172839,0.9583333333333334,0.625,2,19,0,7,39,4,2,5,3,78,0,0,7,187,1,0,5,34
iter50_cv_split2,0.5897435897435898,0.6153846153846154,0.9492063492063492,0.6253968253968254,4,13,3,7,41,0,2,7,1,79,0,0,8,187,2,1,5,33
iter50_cv_split3,0.5128205128205128,0.6282051282051282,0.9619047619047619,0.6222222222222222,8,11,0,13,29,7,1,6,3,80,0,0,5,189,2,1,4,34
iter50_cv_split4,0.717948717948718,0.6282051282051282,0.9619047619047619,0.6222222222222222,13,6,0,4,40,5,2,5,3,80,0,0,4,192,0,1,7,31
iter50_cv_split5,0.782051282051282,0.6282051282051282,0.9396825396825397,0.6222222222222222,13,0,7,2,44,3,1,4,4,76,3,0,7,187,2,0,7,33
iter51_cv_split1,0.5185185185185185,0.6172839506172839,0.9743589743589743,0.625,2,10,9,6,38,6,2,6,2,78,0,0,2,191,2,2,2,35
iter51_cv_split2,0.5897435897435898,0.6153846153846154,0.9555555555555556,0.6253968253968254,4,16,0,6,38,4,2,4,4,79,0,0,4,192,1,1,8,30
iter51_cv_split3,0.7692307692307693,0.6282051282051282,0.9682539682539683,0.6222222222222222,15,4,0,4,44,1,2,7,1,80,0,0,2,194,0,1,7,31
iter51_cv_split4,0.8076923076923077,0.6282051282051282,0.9650793650793651,0.6222222222222222,19,0,0,2,42,5,3,5,2,80,0,0,3,192,1,1,6,32
iter51_cv_split5,0.5512820512820513,0.6282051282051282,0.9619047619047619,0.6222222222222222,0,13,7,7,41,1,0,7,2,79,0,0,7,189,0,1,4,35
iter52_cv_split1,0.6666666666666666,0.6172839506172839,0.9647435897435898,0.625,15,6,0,9,36,5,4,3,3,78,0,0,1,191,3,0,7,32
iter52_cv_split2,0.5256410256410257,0.6153846153846154,0.9555555555555556,0.6253968253968254,3,6,11,8,35,5,1,6,3,79,0,0,7,189,1,0,6,33
iter52_cv_split3,0.717948717948718,0.6282051282051282,0.946031746031746,0.6222222222222222,6,13,0,1,48,0,2,6,2,79,1,0,6,187,3,1,6,32
iter52_cv_split4,0.7307692307692307,0.6282051282051282,0.9428571428571428,0.6222222222222222,14,5,0,5,43,1,3,7,0,80,0,0,9,185,2,2,5,32
iter52_cv_split5,0.8205128205128205,0.6282051282051282,0.9587301587301588,0.6222222222222222,20,0,0,1,42,6,0,7,2,79,0,0,4,192,0,2,7,31
iter53_cv_split1,0.691358024691358,0.6172839506172839,0.967948717948718,0.625,7,14,0,0,47,3,1,7,2,78,0,0,4,189,2,1,3,35
iter53_cv_split2,0.717948717948718,0.6153846153846154,0.9492063492063492,0.6253968253968254,10,10,0,5,42,1,0,6,4,79,0,0,5,191,1,2,8,29
iter53_cv_split3,0.6410256410256411,0.6282051282051282,0.9777777777777777,0.6222222222222222,13,6,0,8,35,6,2,6,2,80,0,0,1,195,0,1,5,33
iter53_cv_split4,0.7051282051282052,0.6282051282051282,0.9619047619047619,0.6222222222222222,5,0,14,4,44,1,0,4,6,80,0,0,5,190,1,1,5,33
iter53_cv_split5,0.5641025641025641,0.6282051282051282,0.9523809523809523,0.6222222222222222,3,17,0,1,39,9,1,6,2,77,2,0,5,189,2,1,5,34
iter54_cv_split1,0.7901234567901234,0.6172839506172839,0.9615384615384616,0.625,18,3,0,4,43,3,0,7,3,78,0,0,3,191,1,1,7,31
iter54_cv_split2,0.7564102564102564,0.6153846153846154,0.9619047619047619,0.6253968253968254,14,6,0,5,42,1,3,4,3,79,0,0,4,192,1,2,5,32
iter54_cv_split3,0.6410256410256411,0.6282051282051282,0.9714285714285714,0.6222222222222222,7,12,0,8,39,2,1,5,4,80,0,0,4,191,1,0,4,35
iter54_cv_split4,0.5,0.6282051282051282,0.9650793650793651,0.6222222222222222,10,9,0,9,28,12,3,6,1,80,0,0,7,189,0,0,4,35
iter54_cv_split5,0.5512820512820513,0.6282051282051282,0.9650793650793651,0.6222222222222222,0,7,13,7,42,0,0,8,1,79,0,0,4,191,1,2,4,34
iter55_cv_split1,0.6666666666666666,0.6172839506172839,0.967948717948718,0.625,6,15,0,4,44,2,0,6,4,78,0,0,3,192,0,1,6,32
iter55_cv_split2,0.6666666666666666,0.6153846153846154,0.946031746031746,0.6253968253968254,7,9,4,7,40,1,1,4,5,79,0,0,5,188,4,2,6,31
iter55_cv_split3,0.7307692307692307,0.6282051282051282,0.9587301587301588,0.6222222222222222,19,0,0,7,38,4,5,5,0,80,0,0,5,189,2,1,5,33
iter55_cv_split4,0.6538461538461539,0.6282051282051282,0.9714285714285714,0.6222222222222222,5,9,5,2,42,5,0,6,4,80,0,0,0,193,3,1,5,33
iter55_cv_split5,0.6923076923076923,0.6282051282051282,0.9555555555555556,0.6222222222222222,14,6,0,1,40,8,2,7,0,79,0,0,5,190,1,1,7,32
iter56_cv_split1,0.5432098765432098,0.6172839506172839,0.9551282051282052,0.625,4,17,0,13,37,0,2,5,3,78,0,0,7,185,3,1,3,35
iter56_cv_split2,0.5384615384615384,0.6153846153846154,0.9492063492063492,0.6253968253968254,5,9,6,5,34,9,1,6,3,79,0,0,6,188,3,1,6,32
iter56_cv_split3,0.6410256410256411,0.6282051282051282,0.9619047619047619,0.6222222222222222,14,5,0,9,36,4,2,8,0,80,0,0,3,191,2,1,6,32
iter56_cv_split4,0.782051282051282,0.6282051282051282,0.9619047619047619,0.6222222222222222,13,0,6,0,44,5,1,5,4,80,0,0,6,189,1,1,4,34
iter56_cv_split5,0.8461538461538461,0.6282051282051282,0.9587301587301588,0.6222222222222222,20,0,0,4,41,4,0,4,5,79,0,0,3,192,1,2,7,31
iter57_cv_split1,0.7777777777777778,0.6172839506172839,0.9583333333333334,0.625,15,6,0,3,47,0,1,8,1,78,0,0,4,190,1,2,6,31
iter57_cv_split2,0.6794871794871795,0.6153846153846154,0.9555555555555556,0.6253968253968254,7,13,0,3,44,1,1,7,2,79,0,0,3,190,4,1,6,32
iter57_cv_split3,0.5769230769230769,0.6282051282051282,0.9619047619047619,0.6222222222222222,0,13,6,3,42,4,1,6,3,80,0,0,5,190,1,1,5,33
iter57_cv_split4,0.6923076923076923,0.6282051282051282,0.9587301587301588,0.6222222222222222,10,9,0,3,41,5,0,7,3,80,0,0,3,193,0,2,8,29
iter57_cv_split5,0.717948717948718,0.6282051282051282,0.9746031746031746,0.6222222222222222,20,0,0,14,33,2,2,4,3,79,0,0,1,195,0,0,7,33
iter58_cv_split1,0.7901234567901234,0.6172839506172839,0.9423076923076923,0.625,16,5,0,1,45,4,3,4,3,75,3,0,5,188,2,1,7,31
iter58_cv_split2,0.6410256410256411,0.6153846153846154,0.946031746031746,0.6253968253968254,0,15,5,0,48,0,0,8,2,79,0,0,8,189,0,2,7,30
iter58_cv_split3,0.717948717948718,0.6282051282051282,0.9587301587301588,0.6222222222222222,10,4,5,4,44,1,1,7,2,80,0,0,6,189,1,1,5,33
iter58_cv_split4,0.5,0.6282051282051282,0.9587301587301588,0.6222222222222222,0,14,5,9,35,5,2,4,4,80,0,0,6,189,1,0,6,33
iter58_cv_split5,0.8205128205128205,0.6282051282051282,0.9619047619047619,0.6222222222222222,20,0,0,5,43,1,3,5,1,79,0,0,1,194,1,2,8,30
iter59_cv_split1,0.7530864197530864,0.6172839506172839,0.9519230769230769,0.625,21,0,0,6,39,5,3,6,1,78,0,0,5,189,1,0,9,30
iter59_cv_split2,0.6923076923076923,0.6153846153846154,0.9492063492063492,0.6253968253968254,8,6,6,4,44,0,0,8,2,79,0,0,5,189,3,2,6,31
iter59_cv_split3,0.5897435897435898,0.6282051282051282,0.9746031746031746,0.6222222222222222,0,12,7,4,44,1,0,8,2,80,0,0,3,193,0,1,4,34
iter59_cv_split4,0.48717948717948717,0.6282051282051282,0.9555555555555556,0.6222222222222222,4,15,0,5,33,11,4,5,1,78,2,0,3,191,2,1,6,32
iter59_cv_split5,0.6794871794871795,0.6282051282051282,0.9555555555555556,0.6222222222222222,6,14,0,4,42,3,1,3,5,79,0,0,7,188,1,0,6,34
iter60_cv_split1,0.6790123456790124,0.6172839506172839,0.967948717948718,0.625,8,7,6,2,44,4,0,7,3,78,0,0,2,192,1,1,6,32
iter60_cv_split2,0.5897435897435898,0.6153846153846154,0.9650793650793651,0.6253968253968254,4,16,0,6,36,6,0,4,6,79,0,0,3,193,1,2,5,32
iter60_cv_split3,0.8205128205128205,0.6282051282051282,0.9492063492063492,0.6222222222222222,12,7,0,0,49,0,2,5,3,78,2,0,6,187,3,0,5,34
iter60_cv_split4,0.6794871794871795,0.6282051282051282,0.9746031746031746,0.6222222222222222,11,8,0,7,40,2,0,8,2,80,0,0,1,194,1,1,5,33
iter60_cv_split5,0.6410256410256411,0.6282051282051282,0.9523809523809523,0.6222222222222222,14,6,0,11,34,4,2,5,2,79,0,0,3,190,3,1,8,31
iter61_cv_split1,0.6790123456790124,0.6172839506172839,0.9551282051282052,0.625,13,8,0,6,39,5,0,7,3,75,3,0,2,191,2,1,6,32
iter61_cv_split2,0.7948717948717948,0.6153846153846154,0.946031746031746,0.6253968253968254,18,0,2,5,41,2,1,6,3,79,0,0,6,188,3,1,7,31
iter61_cv_split3,0.5512820512820513,0.6282051282051282,0.9523809523809523,0.6222222222222222,0,12,7,1,42,6,1,8,1,80,0,0,9,187,0,0,6,33
iter61_cv_split4,0.5769230769230769,0.6282051282051282,0.9650793650793651,0.6222222222222222,7,12,0,6,35,8,5,2,3,80,0,0,2,192,2,1,6,32
iter61_cv_split5,0.8205128205128205,0.6282051282051282,0.9650793650793651,0.6222222222222222,15,5,0,2,46,1,0,6,3,79,0,0,4,191,1,0,6,34
iter62_cv_split1,0.654320987654321,0.6172839506172839,0.9615384615384616,0.625,6,12,3,5,44,1,2,5,3,78,0,0,7,187,1,0,4,35
iter62_cv_split2,0.7051282051282052,0.6153846153846154,0.9619047619047619,0.6253968253968254,9,4,7,3,41,4,0,5,5,79,0,0,5,191,1,0,6,33
iter62_cv_split3,0.717948717948718,0.6282051282051282,0.9555555555555556,0.6222222222222222,10,9,0,4,44,1,2,6,2,80,0,0,6,187,3,3,2,34
iter62_cv_split4,0.6794871794871795,0.6282051282051282,0.9587301587301588,0.6222222222222222,14,5,0,8,38,3,2,7,1,80,0,0,3,193,0,2,8,29
iter62_cv_split5,0.7307692307692307,0.6282051282051282,0.9650793650793651,0.6222222222222222,14,6,0,8,41,0,2,5,2,79,0,0,4,191,1,1,5,34
iter63_cv_split1,0.654320987654321,0.6172839506172839,0.9551282051282052,0.625,15,6,0,8,37,5,2,7,1,78,0,0,6,189,0,2,6,31
iter63_cv_split2,0.6666666666666666,0.6153846153846154,0.9492063492063492,0.6253968253968254,4,11,5,3,44,1,2,4,4,79,0,0,9,187,1,1,5,33
iter63_cv_split3,0.7051282051282052,0.6282051282051282,0.9746031746031746,0.6222222222222222,9,10,0,4,45,0,0,9,1,80,0,0,2,194,0,0,6,33
iter63_cv_split4,0.782051282051282,0.6282051282051282,0.9555555555555556,0.6222222222222222,15,4,0,2,45,2,1,8,1,80,0,0,4,192,0,2,8,29
iter63_cv_split5,0.6025641025641025,0.6282051282051282,0.946031746031746,0.6222222222222222,5,15,0,2,39,8,2,4,3,79,0,0,6,189,1,2,8,30
iter64_cv_split1,0.5432098765432098,0.6172839506172839,0.9711538461538461,0.625,0,21,0,5,42,3,2,6,2,78,0,0,3,191,1,1,4,34
iter64_cv_split2,0.717948717948718,0.6153846153846154,0.9523809523809523,0.6253968253968254,10,10,0,0,44,4,2,6,2,76,3,0,4,191,2,2,4,33
iter64_cv_split3,0.6410256410256411,0.6282051282051282,0.9587301587301588,0.6222222222222222,2,17,0,4,45,0,2,5,3,80,0,0,4,190,2,0,7,32
iter64_cv_split4,0.6538461538461539,0.6282051282051282,0.9555555555555556,0.6222222222222222,7,0,12,5,41,3,1,6,3,80,0,0,4,189,3,1,6,32
iter64_cv_split5,0.7564102564102564,0.6282051282051282,0.9492063492063492,0.6222222222222222,20,0,0,4,39,6,3,6,0,79,0,0,3,189,4,2,7,31
iter65_cv_split1,0.6296296296296297,0.6172839506172839,0.9455128205128205,0.625,8,13,0,3,42,5,4,5,1,78,0,0,10,183,2,1,4,34
iter65_cv_split2,0.6794871794871795,0.6153846153846154,0.9555555555555556,0.6253968253968254,11,5,4,5,39,4,1,6,3,79,0,0,4,191,2,1,7,31
iter65_cv_split3,0.6923076923076923,0.6282051282051282,0.9555555555555556,0.6222222222222222,7,8,4,5,44,0,2,5,3,80,0,0,6,188,2,0,6,33
iter65_cv_split4,0.8205128205128205,0.6282051282051282,0.9714285714285714,0.6222222222222222,15,4,0,1,45,3,1,5,4,80,0,0,2,193,1,1,5,33
iter65_cv_split5,0.7564102564102564,0.6282051282051282,0.9873015873015873,0.6222222222222222,14,6,0,5,42,2,0,6,3,79,0,0,0,196,0,0,4,36
iter66_cv_split1,0.8271604938271605,0.6172839506172839,0.9519230769230769,0.625,17,4,0,0,47,3,1,6,3,78,0,0,8,186,1,1,5,33
iter66_cv_split2,0.6666666666666666,0.6153846153846154,0.9619047619047619,0.6253968253968254,5,15,0,3,43,2,1,5,4,79,0,0,2,194,1,1,8,30
iter66_cv_split3,0.5128205128205128,0.6282051282051282,0.9714285714285714,0.6222222222222222,6,8,5,15,32,2,1,7,2,80,0,0,3,193,0,1,5,33
iter66_cv_split4,0.6923076923076923,0.6282051282051282,0.9619047619047619,0.6222222222222222,14,5,0,6,38,5,1,7,2,77,3,0,3,192,1,0,5,34
iter66_cv_split5,0.5256410256410257,0.6282051282051282,0.9619047619047619,0.6222222222222222,0,20,0,7,38,4,1,5,3,79,0,0,5,190,1,0,6,34
iter67_cv_split1,0.691358024691358,0.6172839506172839,0.9519230769230769,0.625,11,10,0,2,43,5,0,8,2,78,0,0,3,188,4,1,7,31
iter67_cv_split2,0.7564102564102564,0.6153846153846154,0.9492063492063492,0.6253968253968254,17,0,3,8,39,1,2,5,3,79,0,0,7,188,2,0,7,32
iter67_cv_split3,0.5641025641025641,0.6282051282051282,0.9365079365079365,0.6222222222222222,3,16,0,2,38,9,4,3,3,77,3,0,7,188,1,2,7,30
iter67_cv_split4,0.4358974358974359,0.6282051282051282,0.9555555555555556,0.6222222222222222,0,11,8,12,33,4,1,8,1,80,0,0,3,190,3,1,7,31
iter67_cv_split5,0.7692307692307693,0.6282051282051282,0.9587301587301588,0.6222222222222222,16,4,0,6,43,0,1,7,1,79,0,0,5,188,3,2,3,35
iter68_cv_split1,0.691358024691358,0.6172839506172839,0.9391025641025641,0.625,9,12,0,3,46,1,3,6,1,78,0,0,6,187,2,1,10,28
iter68_cv_split2,0.7564102564102564,0.6153846153846154,0.9619047619047619,0.6253968253968254,16,0,4,5,41,2,2,6,2,79,0,0,3,192,2,1,6,32
iter68_cv_split3,0.6538461538461539,0.6282051282051282,0.9619047619047619,0.6222222222222222,6,13,0,3,43,3,2,6,2,80,0,0,3,192,1,2,6,31
iter68_cv_split4,0.5769230769230769,0.6282051282051282,0.9650793650793651,0.6222222222222222,5,14,0,7,36,6,1,5,4,80,0,0,4,192,0,1,6,32
iter68_cv_split5,0.6025641025641025,0.6282051282051282,0.9619047619047619,0.6222222222222222,0,11,9,3,44,2,0,6,3,79,0,0,7,188,1,1,3,36
iter69_cv_split1,0.6049382716049383,0.6172839506172839,0.9583333333333334,0.625,16,5,0,12,33,5,4,6,0,78,0,0,4,188,3,0,6,33
iter69_cv_split2,0.6794871794871795,0.6153846153846154,0.9523809523809523,0.6253968253968254,11,9,0,6,40,2,2,6,2,79,0,0,5,188,4,1,5,33
iter69_cv_split3,0.6410256410256411,0.6282051282051282,0.9555555555555556,0.6222222222222222,6,8,5,4,39,6,1,4,5,80,0,0,5,189,2,0,7,32
iter69_cv_split4,0.6153846153846154,0.6282051282051282,0.9619047619047619,0.6222222222222222,10,9,0,5,38,6,0,10,0,80,0,0,4,190,2,1,5,33
iter69_cv_split5,0.8076923076923077,0.6282051282051282,0.9492063492063492,0.6222222222222222,16,0,4,1,46,2,0,8,1,79,0,0,9,187,0,1,6,33
iter70_cv_split1,0.7037037037037037,0.6172839506172839,0.9455128205128205,0.625,12,7,2,7,43,0,2,6,2,78,0,0,8,187,0,2,7,30
iter70_cv_split2,0.6538461538461539,0.6153846153846154,0.9682539682539683,0.6253968253968254,10,10,0,4,38,6,1,6,3,79,0,0,0,196,1,0,9,30
iter70_cv_split3,0.7051282051282052,0.6282051282051282,0.9714285714285714,0.6222222222222222,8,11,0,0,44,5,2,5,3,80,0,0,5,190,1,1,2,36
iter70_cv_split4,0.6153846153846154,0.6282051282051282,0.9746031746031746,0.6222222222222222,9,0,10,7,37,5,1,7,2,80,0,0,1,194,1,0,6,33
iter70_cv_split5,0.717948717948718,0.6282051282051282,0.9523809523809523,0.6222222222222222,13,7,0,5,42,2,2,6,1,79,0,0,5,189,2,1,7,32
iter71_cv_split1,0.5925925925925926,0.6172839506172839,0.967948717948718,0.625,4,11,6,4,41,5,2,5,3,78,0,0,3,191,1,0,6,33
iter71_cv_split2,0.5641025641025641,0.6153846153846154,0.9555555555555556,0.6253968253968254,8,12,0,6,34,8,4,4,2,79,0,0,6,188,3,0,5,34
iter71_cv_split3,0.7435897435897436,0.6282051282051282,0.9714285714285714,0.6222222222222222,13,6,0,5,42,2,1,6,3,80,0,0,4,191,1,1,3,35
iter71_cv_split4,0.6923076923076923,0.6282051282051282,0.9555555555555556,0.6222222222222222,13,0,6,11,38,0,0,7,3,80,0,0,4,190,2,2,6,31
iter71_cv_split5,0.717948717948718,0.6282051282051282,0.9587301587301588,0.6222222222222222,13,7,0,1,42,6,2,6,1,79,0,0,6,190,0,2,5,33
iter72_cv_split1,0.5679012345679012,0.6172839506172839,0.9423076923076923,0.625,4,10,7,5,40,5,1,7,2,75,3,0,7,187,1,1,6,32
iter72_cv_split2,0.782051282051282,0.6153846153846154,0.9587301587301588,0.6253968253968254,18,2,0,6,42,0,1,8,1,79,0,0,3,191,3,1,6,32
iter72_cv_split3,0.5384615384615384,0.6282051282051282,0.9587301587301588,0.6222222222222222,4,15,0,8,33,8,1,4,5,80,0,0,3,191,2,0,8,31
iter72_cv_split4,0.6153846153846154,0.6282051282051282,0.9650793650793651,0.6222222222222222,0,19,0,2,47,0,1,8,1,80,0,0,3,191,2,1,5,33
iter72_cv_split5,0.5641025641025641,0.6282051282051282,0.9650793650793651,0.6222222222222222,10,10,0,10,32,7,2,5,2,79,0,0,6,188,2,0,3,37
iter73_cv_split1,0.654320987654321,0.6172839506172839,0.9487179487179487,0.625,11,5,5,11,37,2,0,5,5,78,0,0,4,190,1,1,10,28
iter73_cv_split2,0.5641025641025641,0.6153846153846154,0.9428571428571428,0.6253968253968254,0,20,0,3,44,1,4,6,0,79,0,0,9,185,3,1,5,33
iter73_cv_split3,0.717948717948718,0.6282051282051282,0.9777777777777777,0.6222222222222222,19,0,0,6,36,7,2,7,1,80,0,0,2,193,1,1,3,35
iter73_cv_split4,0.7307692307692307,0.6282051282051282,0.9650793650793651,0.6222222222222222,13,6,0,7,41,1,1,6,3,80,0,0,5,191,0,2,4,33
iter73_cv_split5,0.7051282051282052,0.6282051282051282,0.9619047619047619,0.6222222222222222,12,0,8,6,41,2,1,6,2,79,0,0,2,192,2,1,7,32
iter74_cv_split1,0.5679012345679012,0.6172839506172839,0.9551282051282052,0.625,2,16,3,7,42,1,2,6,2,78,0,0,7,188,0,1,6,32
iter74_cv_split2,0.7307692307692307,0.6153846153846154,0.9523809523809523,0.6253968253968254,16,4,0,6,38,4,0,7,3,79,0,0,7,188,2,2,4,33
iter74_cv_split3,0.6666666666666666,0.6282051282051282,0.9555555555555556,0.6222222222222222,14,5,0,13,36,0,2,6,2,80,0,0,6,188,2,0,6,33
iter74_cv_split4,0.5641025641025641,0.6282051282051282,0.9682539682539683,0.6222222222222222,0,17,2,7,41,1,3,4,3,80,0,0,2,192,2,1,5,33
iter74_cv_split5,0.6538461538461539,0.6282051282051282,0.9650793650793651,0.6222222222222222,6,6,8,0,42,7,0,6,3,79,0,0,4,191,1,0,6,34
iter75_cv_split1,0.7037037037037037,0.6172839506172839,0.9647435897435898,0.625,7,14,0,3,47,0,0,7,3,78,0,0,2,190,3,1,5,33
iter75_cv_split2,0.6025641025641025,0.6153846153846154,0.9555555555555556,0.6253968253968254,4,10,6,4,40,4,1,6,3,79,0,0,5,191,1,2,6,31
iter75_cv_split3,0.7564102564102564,0.6282051282051282,0.9650793650793651,0.6222222222222222,17,2,0,4,41,4,6,3,1,80,0,0,3,192,1,1,6,32
iter75_cv_split4,0.6410256410256411,0.6282051282051282,0.9809523809523809,0.6222222222222222,12,7,0,8,36,5,1,7,2,80,0,0,2,194,0,1,3,35
iter75_cv_split5,0.7692307692307693,0.6282051282051282,0.9523809523809523,0.6222222222222222,16,4,0,4,42,3,1,6,2,79,0,0,5,191,0,2,8,30
iter76_cv_split1,0.7160493827160493,0.6172839506172839,0.9711538461538461,0.625,11,10,0,3,45,2,1,7,2,78,0,0,3,191,1,1,4,34
iter76_cv_split2,0.5384615384615384,0.6153846153846154,0.9492063492063492,0.6253968253968254,0,20,0,7,38,3,2,4,4,79,0,0,5,191,1,1,9,29
iter76_cv_split3,0.6923076923076923,0.6282051282051282,0.9809523809523809,0.6222222222222222,9,10,0,3,43,3,2,6,2,80,0,0,1,195,0,0,5,34
iter76_cv_split4,0.7307692307692307,0.6282051282051282,0.9396825396825397,0.6222222222222222,14,5,0,4,40,5,1,6,3,80,0,0,9,184,3,1,6,32
iter76_cv_split5,0.7435897435897436,0.6282051282051282,0.946031746031746,0.6222222222222222,15,0,5,6,40,3,0,6,3,79,0,0,7,187,2,2,6,32
iter77_cv_split1,0.6296296296296297,0.6172839506172839,0.9647435897435898,0.625,4,10,7,1,43,6,3,3,4,78,0,0,2,191,2,0,7,32
iter77_cv_split2,0.5,0.6153846153846154,0.9428571428571428,0.6253968253968254,6,14,0,6,31,11,0,8,2,77,2,0,8,188,1,1,6,32
iter77_cv_split3,0.6025641025641025,0.6282051282051282,0.9682539682539683,0.6222222222222222,5,14,0,5,39,5,1,6,3,80,0,0,2,194,0,1,7,31
iter77_cv_split4,0.6794871794871795,0.6282051282051282,0.9523809523809523,0.6222222222222222,19,0,0,13,32,4,1,7,2,80,0,0,6,190,0,2,7,30
iter77_cv_split5,0.8589743589743589,0.6282051282051282,0.9555555555555556,0.6222222222222222,20,0,0,5,44,0,1,5,3,79,0,0,3,188,5,1,5,34
iter78_cv_split1,0.6666666666666666,0.6172839506172839,0.9583333333333334,0.625,8,13,0,4,43,3,2,5,3,78,0,0,4,187,4,0,5,34
iter78_cv_split2,0.5641025641025641,0.6153846153846154,0.9555555555555556,0.6253968253968254,10,10,0,9,32,7,0,8,2,79,0,0,5,190,2,1,6,32
iter78_cv_split3,0.6794871794871795,0.6282051282051282,0.9555555555555556,0.6222222222222222,7,12,0,5,43,1,1,6,3,80,0,0,5,190,1,2,6,31
iter78_cv_split4,0.6410256410256411,0.6282051282051282,0.9523809523809523,0.6222222222222222,6,6,7,4,41,4,0,7,3,80,0,0,8,188,0,2,5,32
iter78_cv_split5,0.782051282051282,0.6282051282051282,0.9619047619047619,0.6222222222222222,13,7,0,2,46,1,1,6,2,79,0,0,5,189,2,0,5,35
iter79_cv_split1,0.8148148148148148,0.6172839506172839,0.9551282051282052,0.625,19,2,0,4,43,3,0,6,4,78,0,0,9,186,0,1,4,34
iter79_cv_split2,0.6410256410256411,0.6153846153846154,0.9619047619047619,0.6253968253968254,14,6,0,0,36,12,2,8,0,79,0,0,5,192,0,1,6,32
iter79_cv_split3,0.6153846153846154,0.6282051282051282,0.9492063492063492,0.6222222222222222,8,11,0,9,37,3,1,6,3,80,0,0,3,189,4,3,6,30
iter79_cv_split4,0.5641025641025641,0.6282051282051282,0.9777777777777777,0.6222222222222222,0,10,9,2,40,7,0,6,4,80,0,0,3,193,0,1,3,35
iter79_cv_split5,0.7307692307692307,0.6282051282051282,0.9587301587301588,0.6222222222222222,12,8,0,4,41,4,1,4,4,79,0,0,5,189,2,0,6,34
iter80_cv_split1,0.6172839506172839,0.6172839506172839,0.9615384615384616,0.625,4,17,0,6,44,0,2,6,2,78,0,0,4,190,1,1,6,32
iter80_cv_split2,0.7435897435897436,0.6153846153846154,0.9492063492063492,0.6253968253968254,15,0,5,5,41,2,2,6,2,79,0,0,8,188,1,2,5,32
iter80_cv_split3,0.6923076923076923,0.6282051282051282,0.9619047619047619,0.6222222222222222,10,0,9,7,40,2,1,5,4,80,0,0,3,193,0,2,7,30
iter80_cv_split4,0.6794871794871795,0.6282051282051282,0.9492063492063492,0.6222222222222222,8,11,0,4,42,3,1,6,3,80,0,0,6,189,1,1,8,30
iter80_cv_split5,0.7435897435897436,0.6282051282051282,0.9619047619047619,0.6222222222222222,8,12,0,1,48,0,1,6,2,79,0,0,6,189,1,1,4,35
iter81_cv_split1,0.7407407407407407,0.6172839506172839,0.9711538461538461,0.625,17,4,0,3,43,4,1,9,0,78,0,0,2,191,2,0,5,34
iter81_cv_split2,0.7692307692307693,0.6153846153846154,0.9492063492063492,0.6253968253968254,15,5,0,4,43,1,1,7,2,79,0,0,5,190,2,2,7,30
iter81_cv_split3,0.5769230769230769,0.6282051282051282,0.9619047619047619,0.6222222222222222,5,14,0,6,38,5,1,7,2,80,0,0,4,190,2,2,4,33
iter81_cv_split4,0.6153846153846154,0.6282051282051282,0.9555555555555556,0.6222222222222222,8,11,0,8,37,4,3,4,3,80,0,0,5,190,1,1,7,31
iter81_cv_split5,0.5128205128205128,0.6282051282051282,0.9587301587301588,0.6222222222222222,0,13,7,4,37,8,0,6,3,79,0,0,6,190,0,1,6,33
iter82_cv_split1,0.6049382716049383,0.6172839506172839,0.9551282051282052,0.625,8,13,0,10,40,0,0,9,1,78,0,0,8,185,2,1,3,35
iter82_cv_split2,0.6282051282051282,0.6153846153846154,0.9555555555555556,0.6253968253968254,10,10,0,3,39,6,3,7,0,79,0,0,3,192,2,1,8,30
iter82_cv_split3,0.5897435897435898,0.6282051282051282,0.9682539682539683,0.6222222222222222,4,15,0,5,40,4,3,5,2,80,0,0,3,192,1,1,5,33
iter82_cv_split4,0.6794871794871795,0.6282051282051282,0.9428571428571428,0.6222222222222222,3,16,0,1,46,2,1,5,4,80,0,0,8,185,3,2,5,32
iter82_cv_split5,0.7564102564102564,0.6282051282051282,0.9396825396825397,0.6222222222222222,7,6,7,0,46,3,0,3,6,79,0,0,11,184,1,1,6,33
iter83_cv_split1,0.7037037037037037,0.6172839506172839,0.9711538461538461,0.625,8,13,0,3,47,0,3,5,2,78,0,0,2,192,1,0,6,33
iter83_cv_split2,0.6666666666666666,0.6153846153846154,0.9492063492063492,0.6253968253968254,5,8,7,2,43,3,1,5,4,79,0,0,5,188,4,2,5,32
iter83_cv_split3,0.5384615384615384,0.6282051282051282,0.9555555555555556,0.6222222222222222,6,13,0,4,34,11,2,6,2,80,0,0,7,189,0,2,5,32
iter83_cv_split4,0.6666666666666666,0.6282051282051282,0.9746031746031746,0.6222222222222222,5,14,0,2,43,4,1,5,4,80,0,0,2,194,0,0,6,33
iter83_cv_split5,0.7051282051282052,0.6282051282051282,0.9650793650793651,0.6222222222222222,14,6,0,9,39,1,1,6,2,79,0,0,4,192,0,1,6,33
iter84_cv_split1,0.4691358024691358,0.6172839506172839,0.9775641025641025,0.625,2,10,9,7,33,10,2,5,3,78,0,0,1,193,1,0,5,34
iter84_cv_split2,0.8333333333333334,0.6153846153846154,0.9682539682539683,0.6253968253968254,18,0,2,1,45,2,2,6,2,79,0,0,4,192,1,1,4,34
iter84_cv_split3,0.7692307692307693,0.6282051282051282,0.9428571428571428,0.6222222222222222,11,8,0,1,47,1,1,7,2,80,0,0,10,185,1,2,5,32
iter84_cv_split4,0.5641025641025641,0.6282051282051282,0.9523809523809523,0.6222222222222222,0,19,0,6,42,1,1,7,2,80,0,0,5,189,2,0,8,31
iter84_cv_split5,0.8205128205128205,0.6282051282051282,0.9492063492063492,0.6222222222222222,20,0,0,4,41,4,2,4,3,79,0,0,4,189,3,1,8,31
iter85_cv_split1,0.7777777777777778,0.6172839506172839,0.9551282051282052,0.625,15,6,0,3,43,4,1,4,5,78,0,0,7,188,0,2,5,32
iter85_cv_split2,0.5,0.6153846153846154,0.9396825396825397,0.6253968253968254,0,16,4,7,37,4,2,6,2,79,0,0,10,184,3,1,5,33
iter85_cv_split3,0.6794871794871795,0.6282051282051282,0.9650793650793651,0.6222222222222222,10,0,9,7,41,1,2,6,2,80,0,0,6,189,1,0,4,35
iter85_cv_split4,0.782051282051282,0.6282051282051282,0.946031746031746,0.6222222222222222,12,7,0,3,43,3,1,3,6,77,3,0,2,192,2,2,8,29
iter85_cv_split5,0.6923076923076923,0.6282051282051282,0.9619047619047619,0.6222222222222222,12,8,0,6,41,2,3,5,1,79,0,0,2,191,3,0,7,33
iter86_cv_split1,0.6172839506172839,0.6172839506172839,0.9615384615384616,0.625,4,17,0,2,43,5,1,6,3,78,0,0,3,192,0,2,7,30
iter86_cv_split2,0.717948717948718,0.6153846153846154,0.9714285714285714,0.6253968253968254,14,6,0,3,39,6,2,5,3,79,0,0,1,195,1,1,6,32
iter86_cv_split3,0.7435897435897436,0.6282051282051282,0.9650793650793651,0.6222222222222222,15,4,0,8,41,0,2,6,2,80,0,0,3,193,0,0,8,31
iter86_cv_split4,0.5641025641025641,0.6282051282051282,0.9650793650793651,0.6222222222222222,0,13,6,4,40,5,1,5,4,80,0,0,7,189,0,1,3,35
iter86_cv_split5,0.6538461538461539,0.6282051282051282,0.9682539682539683,0.6222222222222222,6,14,0,5,44,0,0,8,1,79,0,0,2,193,1,1,6,33
iter87_cv_split1,0.5802469135802469,0.6172839506172839,0.9487179487179487,0.625,6,15,0,6,38,6,2,5,3,78,0,0,7,185,3,1,5,33
iter87_cv_split2,0.6282051282051282,0.6153846153846154,0.9746031746031746,0.6253968253968254,8,6,6,7,38,3,1,6,3,79,0,0,1,196,0,1,6,32
iter87_cv_split3,0.5641025641025641,0.6282051282051282,0.9619047619047619,0.6222222222222222,8,4,7,8,33,8,3,4,3,80,0,0,7,189,0,0,5,34
iter87_cv_split4,0.7435897435897436,0.6282051282051282,0.9492063492063492,0.6222222222222222,12,7,0,7,42,0,2,4,4,80,0,0,4,188,4,1,7,31
iter87_cv_split5,0.7564102564102564,0.6282051282051282,0.9619047619047619,0.6222222222222222,20,0,0,2,36,11,0,6,3,79,0,0,5,189,2,1,4,35
iter88_cv_split1,0.4691358024691358,0.6172839506172839,0.9455128205128205,0.625,4,14,3,18,30,2,2,4,4,78,0,0,6,187,2,2,7,30
iter88_cv_split2,0.6923076923076923,0.6153846153846154,0.9650793650793651,0.6253968253968254,12,8,0,1,41,6,1,8,1,79,0,0,4,191,2,1,4,34
iter88_cv_split3,0.6153846153846154,0.6282051282051282,0.9682539682539683,0.6222222222222222,6,13,0,9,40,0,1,7,2,80,0,0,4,192,0,1,5,33
iter88_cv_split4,0.6666666666666666,0.6282051282051282,0.9714285714285714,0.6222222222222222,6,6,7,6,43,0,2,5,3,80,0,0,1,192,3,0,5,34
iter88_cv_split5,0.7307692307692307,0.6282051282051282,0.9587301587301588,0.6222222222222222,14,6,0,6,41,2,1,6,2,79,0,0,6,190,0,0,7,33
iter89_cv_split1,0.5555555555555556,0.6172839506172839,0.9551282051282052,0.625,0,13,8,5,41,4,1,5,4,78,0,0,3,191,1,1,9,29
iter89_cv_split2,0.6666666666666666,0.6153846153846154,0.9650793650793651,0.6253968253968254,15,5,0,5,33,10,1,5,4,79,0,0,5,192,0,2,4,33
iter89_cv_split3,0.5769230769230769,0.6282051282051282,0.9777777777777777,0.6222222222222222,0,12,7,3,43,3,2,6,2,80,0,0,1,192,3,0,3,36
iter89_cv_split4,0.7692307692307693,0.6282051282051282,0.9587301587301588,0.6222222222222222,19,0,0,9,40,0,3,6,1,80,0,0,8,188,0,1,4,34
iter89_cv_split5,0.5512820512820513,0.6282051282051282,0.9619047619047619,0.6222222222222222,5,15,0,8,36,5,1,6,2,79,0,0,5,191,0,1,6,33
iter90_cv_split1,0.5925925925925926,0.6172839506172839,0.9647435897435898,0.625,4,12,5,3,43,4,1,8,1,78,0,0,5,190,0,0,6,33
iter90_cv_split2,0.6410256410256411,0.6153846153846154,0.9555555555555556,0.6253968253968254,5,15,0,6,42,0,1,6,3,79,0,0,3,191,3,2,6,31
iter90_cv_split3,0.7435897435897436,0.6282051282051282,0.9682539682539683,0.6222222222222222,8,11,0,0,47,2,1,6,3,80,0,0,5,191,0,1,4,34
iter90_cv_split4,0.7307692307692307,0.6282051282051282,0.9682539682539683,0.6222222222222222,19,0,0,12,36,1,3,5,2,80,0,0,4,191,1,1,4,34
iter90_cv_split5,0.6282051282051282,0.6282051282051282,0.9555555555555556,0.6222222222222222,7,13,0,7,40,2,3,4,2,79,0,0,5,190,1,1,7,32
iter91_cv_split1,0.7160493827160493,0.6172839506172839,0.9455128205128205,0.625,8,13,0,2,48,0,2,6,2,78,0,0,8,184,3,0,6,33
iter91_cv_split2,0.6666666666666666,0.6153846153846154,0.9555555555555556,0.6253968253968254,14,6,0,3,37,8,1,8,1,79,0,0,7,190,0,1,6,32
iter91_cv_split3,0.6153846153846154,0.6282051282051282,0.9714285714285714,0.6222222222222222,5,14,0,5,40,4,3,4,3,80,0,0,2,194,0,0,7,32
iter91_cv_split4,0.7435897435897436,0.6282051282051282,0.9492063492063492,0.6222222222222222,7,7,5,2,47,0,1,5,4,80,0,0,7,186,3,1,5,33
iter91_cv_split5,0.8076923076923077,0.6282051282051282,0.9746031746031746,0.6222222222222222,20,0,0,8,41,0,1,6,2,79,0,0,1,194,1,1,5,34
iter92_cv_split1,0.5679012345679012,0.6172839506172839,0.9615384615384616,0.625,5,5,11,10,39,1,3,5,2,78,0,0,5,188,2,0,5,34
iter92_cv_split2,0.7051282051282052,0.6153846153846154,0.9650793650793651,0.6253968253968254,10,10,0,4,41,3,1,5,4,79,0,0,3,192,2,1,5,33
iter92_cv_split3,0.7051282051282052,0.6282051282051282,0.946031746031746,0.6222222222222222,7,12,0,2,45,2,2,5,3,80,0,0,5,186,5,1,6,32
iter92_cv_split4,0.6282051282051282,0.6282051282051282,0.9523809523809523,0.6222222222222222,9,10,0,7,39,3,2,7,1,80,0,0,5,189,2,1,7,31
iter92_cv_split5,0.6923076923076923,0.6282051282051282,0.946031746031746,0.6222222222222222,15,5,0,5,36,8,3,3,3,79,0,0,6,188,2,2,7,31
iter93_cv_split1,0.5555555555555556,0.6172839506172839,0.9583333333333334,0.625,6,9,6,6,38,6,1,8,1,78,0,0,4,188,3,1,5,33
iter93_cv_split2,0.6282051282051282,0.6153846153846154,0.9746031746031746,0.6253968253968254,15,5,0,6,32,10,3,5,2,79,0,0,1,196,0,1,6,32
iter93_cv_split3,0.6794871794871795,0.6282051282051282,0.9492063492063492,0.6222222222222222,14,5,0,6,37,6,2,6,2,80,0,0,3,189,4,2,7,30
iter93_cv_split4,0.6282051282051282,0.6282051282051282,0.9555555555555556,0.6222222222222222,0,12,7,3,44,2,0,5,5,80,0,0,7,189,0,1,6,32
iter93_cv_split5,0.5512820512820513,0.6282051282051282,0.9714285714285714,0.6222222222222222,4,16,0,4,37,8,2,5,2,79,0,0,4,191,1,0,4,36
iter94_cv_split1,0.5061728395061729,0.6172839506172839,0.9519230769230769,0.625,0,21,0,7,40,3,4,5,1,78,0,0,6,188,1,2,6,31
iter94_cv_split2,0.7435897435897436,0.6153846153846154,0.9650793650793651,0.6253968253968254,15,5,0,8,40,0,0,7,3,79,0,0,0,196,1,1,9,29
iter94_cv_split3,0.5512820512820513,0.6282051282051282,0.9682539682539683,0.6222222222222222,5,14,0,3,37,9,2,7,1,80,0,0,2,193,1,1,6,32
iter94_cv_split4,0.7564102564102564,0.6282051282051282,0.9714285714285714,0.6222222222222222,14,0,5,6,43,0,2,6,2,80,0,0,5,190,1,1,2,36
iter94_cv_split5,0.6410256410256411,0.6282051282051282,0.9682539682539683,0.6222222222222222,14,6,0,3,33,13,2,4,3,79,0,0,3,193,0,1,6,33
iter95_cv_split1,0.6172839506172839,0.6172839506172839,0.9487179487179487,0.625,3,18,0,4,42,4,0,5,5,78,0,0,7,186,2,1,6,32
iter95_cv_split2,0.6410256410256411,0.6153846153846154,0.9492063492063492,0.6253968253968254,9,11,0,7,39,2,2,6,2,79,0,0,6,190,1,0,9,30
iter95_cv_split3,0.7435897435897436,0.6282051282051282,0.9396825396825397,0.6222222222222222,12,7,0,3,44,2,2,6,2,78,2,0,6,188,2,1,8,30
iter95_cv_split4,0.5512820512820513,0.6282051282051282,0.9650793650793651,0.6222222222222222,5,6,8,8,35,6,0,7,3,80,0,0,6,190,0,1,4,34
iter95_cv_split5,0.6666666666666666,0.6282051282051282,0.9650793650793651,0.6222222222222222,0,20,0,0,48,1,1,4,4,79,0,0,6,190,0,1,4,35
iter96_cv_split1,0.6666666666666666,0.6172839506172839,0.9647435897435898,0.625,16,5,0,11,35,4,0,7,3,78,0,0,2,191,2,1,6,32
iter96_cv_split2,0.6410256410256411,0.6153846153846154,0.9650793650793651,0.6253968253968254,5,8,7,5,42,1,0,7,3,79,0,0,3,192,2,1,5,33
iter96_cv_split3,0.6410256410256411,0.6282051282051282,0.9682539682539683,0.6222222222222222,6,13,0,5,43,1,4,5,1,80,0,0,5,191,0,1,4,34
iter96_cv_split4,0.6794871794871795,0.6282051282051282,0.9619047619047619,0.6222222222222222,11,8,0,8,38,3,1,5,4,80,0,0,3,192,1,1,7,31
iter96_cv_split5,0.6282051282051282,0.6282051282051282,0.9555555555555556,0.6222222222222222,0,20,0,0,47,2,2,5,2,79,0,0,4,190,2,1,7,32
iter97_cv_split1,0.8148148148148148,0.6172839506172839,0.9551282051282052,0.625,17,4,0,1,47,2,2,6,2,78,0,0,6,188,1,2,5,32
iter97_cv_split2,0.6153846153846154,0.6153846153846154,0.9555555555555556,0.6253968253968254,5,2,13,5,41,2,1,7,2,76,3,0,2,192,3,0,6,33
iter97_cv_split3,0.6282051282051282,0.6282051282051282,0.9555555555555556,0.6222222222222222,4,15,0,3,42,4,0,7,3,80,0,0,6,190,0,1,7,31
iter97_cv_split4,0.6153846153846154,0.6282051282051282,0.9396825396825397,0.6222222222222222,4,7,8,4,41,4,3,4,3,80,0,0,8,187,1,1,9,29
iter97_cv_split5,0.6538461538461539,0.6282051282051282,0.9682539682539683,0.6222222222222222,6,14,0,4,42,3,1,5,3,79,0,0,2,194,0,1,7,32
iter98_cv_split1,0.5925925925925926,0.6172839506172839,0.9615384615384616,0.625,11,2,8,9,32,9,1,4,5,78,0,0,7,188,0,1,4,34
iter98_cv_split2,0.6666666666666666,0.6153846153846154,0.9555555555555556,0.6253968253968254,9,11,0,6,42,0,3,6,1,79,0,0,4,189,4,1,5,33
iter98_cv_split3,0.6923076923076923,0.6282051282051282,0.9523809523809523,0.6222222222222222,13,6,0,8,40,1,1,8,1,76,4,0,4,192,0,1,6,32
iter98_cv_split4,0.7051282051282052,0.6282051282051282,0.9555555555555556,0.6222222222222222,13,6,0,6,37,6,0,5,5,80,0,0,3,193,0,2,9,28
iter98_cv_split5,0.5641025641025641,0.6282051282051282,0.9523809523809523,0.6222222222222222,0,10,10,3,43,3,0,8,1,79,0,0,5,187,4,1,5,34
iter99_cv_split1,0.5185185185185185,0.6172839506172839,0.9583333333333334,0.625,0,21,0,7,40,3,1,7,2,78,0,0,6,186,3,1,3,35
iter99_cv_split2,0.6923076923076923,0.6153846153846154,0.9650793650793651,0.6253968253968254,9,6,5,2,43,3,1,7,2,79,0,0,3,191,3,1,4,34
iter99_cv_split3,0.6666666666666666,0.6282051282051282,0.9523809523809523,0.6222222222222222,12,0,7,9,37,3,2,5,3,80,0,0,5,190,1,2,7,30
iter99_cv_split4,0.6794871794871795,0.6282051282051282,0.9746031746031746,0.6222222222222222,19,0,0,11,32,6,0,8,2,80,0,0,1,195,0,1,6,32
iter99_cv_split5,0.5512820512820513,0.6282051282051282,0.9555555555555556,0.6222222222222222,7,13,0,4,35,10,2,6,1,79,0,0,7,188,1,1,5,34
iter100_cv_split1,0.6419753086419753,0.6172839506172839,0.9743589743589743,0.625,7,14,0,4,44,2,2,7,1,78,0,0,2,192,1,1,4,34
iter100_cv_split2,0.782051282051282,0.6153846153846154,0.9587301587301588,0.6253968253968254,13,0,7,3,42,3,1,3,6,79,0,0,3,192,2,1,7,31
iter100_cv_split3,0.5897435897435898,0.6282051282051282,0.9746031746031746,0.6222222222222222,5,14,0,10,38,1,2,5,3,80,0,0,4,192,0,1,3,35
iter100_cv_split4,0.4358974358974359,0.6282051282051282,0.9650793650793651,0.6222222222222222,0,19,0,13,31,5,2,5,3,80,0,0,2,194,0,2,7,30
iter100_cv_split5,0.782051282051282,0.6282051282051282,0.9619047619047619,0.6222222222222222,20,0,0,4,40,5,1,7,1,79,0,0,7,189,0,0,5,35
